country,region,continent,sociodemographic_index,year,population,cvd_prevalence_pct,cvd_prevalent_cases,crude_cvd_deaths,crude_mortality_rate_per_100k,age_std_mortality_rate_per_100k,total_cvd_dalys,daly_rate_per_100k,ischemic_heart_disease_deaths,stroke_deaths,hypertensive_heart_disease_deaths,heart_failure_deaths,peripheral_artery_disease_deaths,high_sbp_attributable_deaths_pct,high_bmi_attributable_deaths_pct,high_ldl_attributable_deaths_pct,high_fpg_attributable_deaths_pct,tobacco_attributable_deaths_pct,hypertension_treatment_coverage_pct,statin_therapy_coverage_pct,cardiac_rehab_access_pct,economic_burden_usd_bn,healthcare_pressure_score,gdp_per_capita_usd,modifiable_risk_burden_pct,primary_prevention_score
Germany,Western Europe,Europe,High,2025,47000000,7.07,3324993,65371,139.1,148.6,1361662,2897.2,28763,14381,6537,3922,2614,44.4,12.8,21.4,10.4,17.5,73.6,65.7,64.3,5647.19,17,48000,64.4,68.5
Germany,Western Europe,Europe,High,2030,47000000,8.01,3763312,72563,154.4,133.9,1419990,3021.3,32566,15963,7256,4789,2902,47.9,13.9,23.1,10.1,16.4,77.3,63.1,74.5,6645.31,18,48000,65.2,71.7
Germany,Western Europe,Europe,High,2035,47000000,9.4,4417751,85652,182.2,133.0,1460442,3107.3,39194,18843,8565,6166,3426,50.6,15.0,24.2,10.8,14.5,79.6,70.4,74.7,8288.31,19,48000,63.4,75.2
Germany,Western Europe,Europe,High,2040,47000000,11.32,5320383,93696,199.4,111.6,1483018,3155.4,43699,20613,9369,7308,3747,53.6,16.6,25.2,13.3,14.1,82.8,72.9,78.7,9552.07,20,48000,67.1,78.3
Germany,Western Europe,Europe,High,2045,47000000,12.23,5749592,103352,219.9,111.4,1487719,3165.4,49112,22737,10335,8681,4134,55.0,19.3,26.6,15.9,13.6,86.0,72.5,73.4,11072.9,26,48000,66.3,78.1
Germany,Western Europe,Europe,High,2050,47000000,13.82,6496100,105029,223.5,105.8,1474543,3137.3,50834,23106,10502,9452,4201,55.0,22.3,26.5,14.4,12.4,86.1,77.4,74.9,11796.45,20,48000,68.2,80.3
France,Western Europe,Europe,High,2025,52000000,6.78,3524289,76280,146.7,139.4,1496034,2877.0,33563,16781,7628,4576,3051,41.5,11.6,20.2,10.2,18.3,75.0,64.3,66.3,6590.38,18,48000,64.8,69.1
France,Western Europe,Europe,High,2030,52000000,8.81,4582140,84538,162.6,129.7,1560119,3000.2,37940,18598,8453,5579,3381,46.0,14.4,22.9,9.7,16.9,77.2,74.0,72.2,7742.48,19,48000,64.1,74.8
France,Western Europe,Europe,High,2035,52000000,9.74,5065382,96592,185.8,127.7,1604563,3085.7,44200,21250,9659,6954,3863,48.0,17.6,22.3,12.9,18.0,76.0,66.5,74.4,9346.76,17,48000,66.5,72.3
France,Western Europe,Europe,High,2040,52000000,10.49,5452637,106041,203.9,108.2,1629367,3133.4,49457,23329,10604,8271,4241,55.0,17.6,24.5,14.3,13.5,81.7,73.7,68.6,10811.18,22,48000,68.0,75.6
France,Western Europe,Europe,High,2045,52000000,12.18,6331575,109184,210.0,98.9,1634531,3143.3,51884,24020,10918,9171,4367,55.0,20.7,26.0,14.3,13.9,83.9,69.3,83.5,11697.77,18,48000,67.7,78.7
France,Western Europe,Europe,High,2050,52000000,13.62,7084979,128558,247.2,91.7,1620056,3115.5,62222,28282,12855,11570,5142,55.0,23.5,26.9,16.7,14.5,84.3,70.7,73.4,14439.23,24,48000,67.1,76.8
United Kingdom,Western Europe,Europe,High,2025,55000000,8.35,4590808,74911,136.2,145.6,1541072,2802.0,32960,16480,7491,4494,2996,42.9,11.1,20.7,10.4,17.8,77.1,66.4,71.7,6471.89,13,48000,65.5,72.0
United Kingdom,Western Europe,Europe,High,2030,55000000,8.51,4681989,88186,160.3,134.2,1607086,2922.0,39577,19400,8818,5820,3527,46.0,14.5,21.9,11.3,17.0,73.6,67.7,75.2,8076.97,23,48000,63.6,71.9
United Kingdom,Western Europe,Europe,High,2035,55000000,10.4,5717867,100678,183.1,116.8,1652868,3005.2,46070,22149,10067,7248,4027,50.2,20.1,24.7,13.3,16.8,81.0,67.3,77.0,9742.02,19,48000,65.4,75.2
United Kingdom,Western Europe,Europe,High,2040,55000000,11.04,6070550,119764,217.8,113.4,1678419,3051.7,55857,26348,11976,9341,4790,54.1,16.7,24.3,14.5,14.8,77.8,67.7,77.7,12209.81,24,48000,66.5,74.2
United Kingdom,Western Europe,Europe,High,2045,55000000,13.14,7228802,130181,236.7,101.3,1683738,3061.3,61862,28639,13018,10935,5207,53.7,20.6,24.8,15.5,12.9,82.7,72.9,79.5,13946.47,23,48000,65.5,78.4
United Kingdom,Western Europe,Europe,High,2050,55000000,14.43,7936584,139684,254.0,92.9,1668827,3034.2,67607,30730,13968,12571,5587,55.0,23.5,28.9,16.8,11.1,83.5,76.8,74.2,15689.53,27,48000,64.5,78.8
Italy,Western Europe,Europe,High,2025,50000000,6.39,3196608,62151,124.3,133.0,1323170,2646.3,27346,13673,6215,3729,2486,39.9,11.6,22.2,11.2,16.6,78.5,65.0,68.1,5370.08,16,48000,65.2,71.2
Italy,Western Europe,Europe,High,2030,50000000,7.0,3500088,75458,150.9,126.4,1379850,2759.7,33865,16600,7545,4980,3018,46.7,15.7,21.5,12.9,15.0,76.5,68.4,74.1,6910.43,18,48000,65.4,73.1
Italy,Western Europe,Europe,High,2035,50000000,8.14,4067927,90254,180.5,115.0,1419159,2838.3,41300,19855,9025,6498,3610,48.4,17.1,24.3,13.1,16.5,76.5,66.5,77.0,8734.0,21,48000,66.6,73.1
Italy,Western Europe,Europe,High,2040,50000000,9.26,4627754,94346,188.7,116.1,1441097,2882.2,44002,20756,9434,7358,3773,52.8,18.1,26.2,14.3,15.6,84.9,69.9,77.7,9618.61,20,48000,66.1,77.9
Italy,Western Europe,Europe,High,2045,50000000,9.91,4954270,108949,217.9,102.0,1445664,2891.3,51772,23968,10894,9151,4357,55.0,19.4,24.2,15.7,14.5,84.9,73.3,76.0,11671.91,22,48000,65.0,78.6
Italy,Western Europe,Europe,High,2050,50000000,10.97,5484493,115837,231.7,98.2,1432861,2865.7,56065,25484,11583,10425,4633,55.0,23.0,25.7,15.3,12.8,85.7,71.5,75.1,13010.93,18,48000,63.6,78.1
Spain,Western Europe,Europe,High,2025,39000000,7.07,2755989,51963,133.2,133.8,1110188,2846.6,22863,11431,5196,3117,2078,42.0,11.0,22.0,9.8,18.3,72.5,66.6,78.1,4489.55,20,48000,67.8,71.8
Spain,Western Europe,Europe,High,2030,39000000,8.4,3275621,57222,146.7,116.7,1157744,2968.6,25681,12588,5722,3776,2288,45.8,13.3,23.0,11.6,18.4,79.9,73.1,69.9,5241.06,18,48000,70.8,75.0
Spain,Western Europe,Europe,High,2035,39000000,9.5,3703466,61138,156.8,106.9,1190725,3053.1,27976,13450,6113,4401,2445,46.2,15.7,23.1,12.5,16.2,84.6,71.1,71.7,5915.75,18,48000,63.8,76.6
Spain,Western Europe,Europe,High,2040,39000000,10.82,4218147,74673,191.5,112.4,1209132,3100.3,34827,16428,7467,5824,2986,50.5,19.7,24.7,14.6,13.2,79.2,69.8,75.2,7612.84,23,48000,64.3,74.9
Spain,Western Europe,Europe,High,2045,39000000,12.39,4832677,78604,201.6,94.8,1212964,3110.2,37352,17292,7860,6602,3144,55.0,19.3,23.8,15.8,14.0,80.8,76.1,76.5,8421.91,22,48000,70.5,78.0
Spain,Western Europe,Europe,High,2050,39000000,13.81,5385608,84688,217.1,96.6,1202222,3082.6,40988,18631,8468,7621,3387,55.0,23.9,25.2,16.5,13.7,79.7,69.5,68.8,9512.02,25,48000,69.4,73.4
Netherlands,Western Europe,Europe,High,2025,14000000,7.97,1115333,18962,135.4,127.4,363017,2593.0,8343,4171,1896,1137,758,42.0,9.9,21.9,9.0,18.7,76.1,62.2,69.9,1637.79,17,48000,68.3,69.7
Netherlands,Western Europe,Europe,High,2030,14000000,9.11,1274788,22381,159.9,122.7,378568,2704.1,10044,4923,2238,1477,895,44.5,14.0,21.7,10.8,15.7,82.9,66.7,70.2,2049.85,17,48000,66.0,74.1
Netherlands,Western Europe,Europe,High,2035,14000000,10.52,1472634,25458,181.8,122.4,389352,2781.1,11649,5600,2545,1832,1018,48.5,15.9,21.2,11.2,17.2,83.9,67.5,76.3,2463.68,28,48000,68.6,76.3
Netherlands,Western Europe,Europe,High,2040,14000000,11.61,1625301,26332,188.1,110.4,395371,2824.1,12281,5793,2633,2053,1053,53.4,17.6,23.2,13.1,13.7,86.1,72.4,75.0,2685.34,19,48000,64.7,78.5
Netherlands,Western Europe,Europe,High,2045,14000000,13.19,1847063,30799,220.0,110.3,396624,2833.0,14635,6775,3079,2587,1231,55.0,19.6,24.0,15.5,15.6,78.8,73.1,73.4,3299.44,22,48000,64.7,75.5
Netherlands,Western Europe,Europe,High,2050,14000000,15.0,2099843,32057,229.0,94.7,393112,2807.9,15515,7052,3205,2885,1282,55.0,22.3,25.3,15.5,13.4,86.5,70.1,77.4,3601.02,17,48000,67.5,78.5
Sweden,Western Europe,Europe,High,2025,8500000,7.44,632626,9692,114.0,118.0,228268,2685.5,4264,2132,969,581,387,42.4,11.1,22.8,8.7,17.9,71.4,63.0,72.2,836.96,16,48000,68.4,68.7
Sweden,Western Europe,Europe,High,2030,8500000,8.43,716244,12952,152.4,116.4,238046,2800.5,5812,2849,1295,854,518,46.5,15.6,20.0,10.6,17.5,76.4,67.7,70.6,1186.24,18,48000,68.7,71.9
Sweden,Western Europe,Europe,High,2035,8500000,9.98,848201,14199,167.1,112.8,244827,2880.3,6497,3123,1419,1022,567,48.7,15.8,24.5,12.1,16.1,85.2,70.8,72.7,1374.61,16,48000,62.3,77.0
Sweden,Western Europe,Europe,High,2040,8500000,11.33,963392,14282,168.0,98.8,248612,2924.9,6661,3142,1428,1113,571,53.1,20.0,25.3,13.4,15.6,74.4,70.5,78.1,1455.34,24,48000,67.1,73.9
Sweden,Western Europe,Europe,High,2045,8500000,13.46,1143911,17570,206.7,94.0,249400,2934.1,8349,3865,1757,1475,702,55.0,20.7,25.1,14.1,14.5,80.4,71.6,74.1,1882.62,23,48000,68.5,75.8
Sweden,Western Europe,Europe,High,2050,8500000,13.82,1174702,18542,218.1,85.7,247191,2908.1,8974,4079,1854,1668,741,55.0,22.9,27.3,15.3,13.5,89.1,74.2,84.5,2082.25,16,48000,62.8,82.7
Norway,Western Europe,Europe,High,2025,4300000,8.2,352405,6189,143.9,154.4,120041,2791.7,2723,1361,618,371,247,42.2,12.1,22.9,10.4,18.2,72.6,66.4,79.5,535.4,24,48000,65.4,72.2
Norway,Western Europe,Europe,High,2030,4300000,8.82,379327,7499,174.4,138.7,125183,2911.2,3365,1649,749,494,299,47.3,12.4,24.8,11.1,16.5,74.0,61.6,76.3,686.83,17,48000,63.8,70.2
Norway,Western Europe,Europe,High,2035,4300000,10.07,433014,9082,211.2,132.6,128749,2994.2,4155,1998,908,653,363,47.1,16.0,23.7,10.2,15.8,78.3,70.3,81.4,879.41,22,48000,64.2,76.3
Norway,Western Europe,Europe,High,2040,4300000,11.5,494296,9493,220.8,137.8,130740,3040.5,4427,2088,949,740,379,53.1,18.5,24.7,13.1,14.2,80.9,68.2,72.1,967.88,22,48000,69.4,74.3
Norway,Western Europe,Europe,High,2045,4300000,13.21,567945,10814,251.5,102.4,131154,3050.1,5138,2379,1081,908,432,53.7,20.1,25.2,13.7,12.9,79.7,76.7,79.7,1159.2,28,48000,64.1,78.6
Norway,Western Europe,Europe,High,2050,4300000,13.81,593859,11572,269.1,103.7,129992,3023.1,5600,2545,1157,1041,462,55.0,22.3,26.0,16.6,13.0,83.9,76.5,72.7,1300.08,28,48000,65.8,78.5
Switzerland,Western Europe,Europe,High,2025,7200000,7.01,505026,9700,134.7,138.0,211579,2938.6,4268,2134,970,582,388,40.9,10.6,20.1,10.5,16.7,80.3,58.8,78.8,838.19,16,48000,65.3,72.4
Switzerland,Western Europe,Europe,High,2030,7200000,8.24,593025,11448,159.0,132.4,220642,3064.5,5137,2518,1144,755,457,45.9,14.3,22.6,11.2,17.2,71.9,62.6,76.0,1048.54,20,48000,66.4,69.6
Switzerland,Western Europe,Europe,High,2035,7200000,8.88,639209,12627,175.4,123.7,226928,3151.8,5778,2777,1262,909,505,49.7,15.2,24.5,11.0,16.9,80.4,69.0,77.9,1222.72,22,48000,62.7,75.8
Switzerland,Western Europe,Europe,High,2040,7200000,10.33,743410,14046,195.1,107.1,230436,3200.5,6551,3090,1404,1095,561,53.9,17.6,25.1,13.0,14.1,76.8,67.0,69.6,1431.53,25,48000,64.5,71.6
Switzerland,Western Europe,Europe,High,2045,7200000,11.58,833665,16158,224.4,118.2,231166,3210.6,7678,3554,1615,1357,646,55.0,21.1,24.9,14.9,16.2,82.7,74.8,73.2,1731.09,28,48000,65.1,77.6
Switzerland,Western Europe,Europe,High,2050,7200000,12.56,904349,17750,246.5,105.6,229119,3182.2,8591,3905,1775,1597,710,55.0,23.5,27.1,14.7,11.9,84.3,72.8,79.5,1993.77,20,48000,67.2,79.0
Belgium,Western Europe,Europe,High,2025,9500000,7.4,703272,13870,146.0,146.5,281401,2962.1,6102,3051,1387,832,554,39.5,12.4,22.2,10.2,16.7,71.8,68.2,71.8,1198.71,20,48000,66.5,70.5
Belgium,Western Europe,Europe,High,2030,9500000,8.79,834960,15113,159.1,138.3,293455,3089.0,6782,3324,1511,997,604,45.0,13.7,22.6,11.4,16.4,80.8,63.9,72.3,1383.89,22,48000,66.8,72.7
Belgium,Western Europe,Europe,High,2035,9500000,10.18,966780,16361,172.2,130.1,301815,3177.0,7486,3599,1636,1177,654,50.7,16.3,25.3,12.0,17.2,85.9,67.1,72.2,1583.95,22,48000,65.4,75.9
Belgium,Western Europe,Europe,High,2040,9500000,11.03,1047802,19261,202.8,114.2,306480,3226.1,8983,4237,1926,1502,770,51.7,17.3,23.9,13.6,15.0,85.7,66.8,78.9,1963.59,20,48000,67.7,77.4
Belgium,Western Europe,Europe,High,2045,9500000,12.82,1217811,21751,229.0,102.0,307452,3236.3,10336,4785,2175,1827,870,55.0,20.7,28.6,14.3,13.1,81.1,69.7,73.5,2330.91,28,48000,65.3,75.2
Belgium,Western Europe,Europe,High,2050,9500000,13.94,1324278,23803,250.6,94.8,304729,3207.7,11520,5236,2380,2142,952,55.0,22.8,24.6,17.2,14.4,83.2,71.8,78.1,2673.72,27,48000,70.4,77.9
Austria,Western Europe,Europe,High,2025,7600000,7.42,563847,10078,132.6,129.2,197075,2593.1,4434,2217,1007,604,403,41.2,12.2,22.0,11.0,20.5,73.4,63.5,76.2,871.08,24,48000,67.6,70.6
Austria,Western Europe,Europe,High,2030,7600000,8.45,642337,11940,157.1,123.0,205517,2704.2,5358,2626,1194,788,477,46.9,14.6,24.3,12.1,18.3,78.9,66.1,73.6,1094.12,16,48000,67.1,73.1
Austria,Western Europe,Europe,High,2035,7600000,9.74,740335,13081,172.1,114.7,211372,2781.2,5985,2877,1308,941,523,49.7,16.3,22.3,13.0,16.5,85.5,67.3,74.9,1265.95,22,48000,66.2,76.5
Austria,Western Europe,Europe,High,2040,7600000,10.65,809569,14915,196.3,110.0,214639,2824.2,6956,3281,1491,1163,596,52.4,18.5,26.1,12.8,14.9,78.9,73.4,68.9,1520.33,23,48000,69.5,74.5
Austria,Western Europe,Europe,High,2045,7600000,12.4,942333,15690,206.5,100.1,215320,2833.2,7455,3451,1569,1317,627,54.6,18.2,26.2,14.4,12.7,85.1,72.1,73.7,1680.32,23,48000,67.7,77.7
Austria,Western Europe,Europe,High,2050,7600000,12.75,969172,18633,245.2,91.9,213413,2808.1,9018,4099,1863,1676,745,55.0,21.9,26.3,16.2,12.4,86.1,69.2,82.8,2092.82,27,48000,67.1,79.4
Denmark,Western Europe,Europe,High,2025,4900000,7.49,366856,7404,151.1,143.7,140490,2867.2,3257,1628,740,444,296,43.1,11.9,23.7,9.5,19.8,74.9,60.7,72.5,639.37,22,48000,65.1,69.3
Denmark,Western Europe,Europe,High,2030,4900000,8.63,422832,7153,146.0,129.7,146508,2990.0,3210,1573,715,472,286,42.1,12.5,23.9,11.8,17.3,74.1,66.5,73.0,654.52,23,48000,68.2,71.1
Denmark,Western Europe,Europe,High,2035,4900000,10.16,498058,8915,181.9,122.2,150682,3075.2,4079,1961,891,641,356,46.3,16.0,23.2,11.6,15.6,84.4,70.1,71.7,862.97,23,48000,68.2,76.2
Denmark,Western Europe,Europe,High,2040,4900000,11.65,570773,9661,197.2,115.1,153011,3122.7,4505,2125,966,753,386,53.7,19.2,25.6,14.4,14.2,85.0,70.4,83.3,984.61,25,48000,66.8,79.4
Denmark,Western Europe,Europe,High,2045,4900000,12.68,621314,10735,219.1,102.9,153496,3132.6,5101,2361,1073,901,429,55.0,21.0,24.9,14.8,15.8,88.2,72.7,76.2,1150.16,22,48000,64.4,79.8
Denmark,Western Europe,Europe,High,2050,4900000,14.23,697406,11282,230.2,96.3,152137,3104.8,5460,2482,1128,1015,451,55.0,22.1,28.3,15.0,11.1,85.7,76.1,83.7,1266.96,25,48000,66.3,81.9
Finland,Western Europe,Europe,High,2025,4600000,7.97,366504,6658,144.7,125.0,133301,2897.8,2929,1464,665,399,266,41.1,12.4,22.6,10.2,17.4,73.0,64.9,76.7,575.52,18,48000,67.9,71.1
Finland,Western Europe,Europe,High,2030,4600000,8.39,385993,7435,161.6,110.6,139011,3022.0,3336,1635,743,490,297,45.2,13.0,21.4,12.1,16.5,78.0,66.5,74.9,680.97,15,48000,68.4,73.2
Finland,Western Europe,Europe,High,2035,4600000,10.14,466636,7337,159.5,114.2,142971,3108.1,3357,1614,733,528,293,51.6,17.1,23.6,12.1,15.5,85.2,69.3,75.7,710.5,17,48000,65.9,77.3
Finland,Western Europe,Europe,High,2040,4600000,11.62,534573,8781,190.9,107.6,145181,3156.1,4095,1931,878,684,351,54.2,18.4,25.7,13.5,14.8,75.0,72.5,76.4,895.74,14,48000,70.6,74.5
Finland,Western Europe,Europe,High,2045,4600000,12.68,583279,10113,219.8,99.8,145641,3166.1,4805,2224,1011,849,404,55.0,19.4,24.9,16.3,13.5,83.7,74.0,78.0,1083.54,23,48000,71.2,78.9
Finland,Western Europe,Europe,High,2050,4600000,14.67,674671,10676,232.1,92.1,144351,3138.1,5167,2348,1067,960,427,55.0,23.7,27.2,15.1,14.2,81.6,73.9,74.0,1199.1,25,48000,67.0,77.0
Portugal,Western Europe,Europe,High,2025,9000000,8.2,738209,13299,147.8,138.8,258122,2868.0,5851,2925,1329,797,531,40.2,12.6,22.8,9.8,19.4,74.5,65.4,71.3,1149.04,16,48000,63.5,70.5
Portugal,Western Europe,Europe,High,2030,9000000,8.96,806422,13846,153.8,139.5,269179,2990.9,6214,3046,1384,913,553,42.5,13.5,21.4,12.5,17.9,74.9,73.4,76.9,1267.91,12,48000,71.0,74.9
Portugal,Western Europe,Europe,High,2035,9000000,10.98,987896,15122,168.0,116.0,276847,3076.1,6919,3326,1512,1088,604,53.1,17.6,24.7,12.9,16.7,81.3,69.0,74.4,1463.29,16,48000,65.8,75.3
Portugal,Western Europe,Europe,High,2040,9000000,11.79,1060692,18086,201.0,106.0,281127,3123.6,8435,3978,1808,1410,723,51.4,18.5,26.5,14.3,13.2,78.0,72.6,71.1,1843.79,24,48000,64.5,74.4
Portugal,Western Europe,Europe,High,2045,9000000,13.31,1198244,19047,211.6,106.4,282018,3133.5,9051,4190,1904,1599,761,55.0,18.9,26.2,14.8,14.2,83.7,75.5,76.5,2040.4,22,48000,67.5,79.0
Portugal,Western Europe,Europe,High,2050,9000000,14.7,1322624,21887,243.2,97.6,279521,3105.8,10593,4815,2188,1969,875,55.0,21.2,28.5,15.0,11.9,82.8,75.7,75.8,2458.97,22,48000,67.0,78.6
Greece,Western Europe,Europe,High,2025,10200000,8.18,834584,13264,130.0,126.5,267429,2621.9,5836,2918,1326,795,530,41.7,11.9,22.1,9.9,19.0,81.6,63.3,66.5,1145.97,23,48000,64.8,71.4
Greece,Western Europe,Europe,High,2030,10200000,9.34,952928,15987,156.7,125.5,278885,2734.2,7174,3517,1598,1055,639,46.5,15.7,22.5,11.0,16.3,74.0,64.7,68.1,1464.17,18,48000,66.9,69.2
Greece,Western Europe,Europe,High,2035,10200000,11.21,1143320,16760,164.3,101.9,286830,2812.1,7669,3687,1676,1206,670,46.4,16.6,25.5,11.4,17.5,80.3,66.1,73.8,1622.11,19,48000,67.5,73.7
Greece,Western Europe,Europe,High,2040,10200000,11.99,1222500,18499,181.4,97.5,291264,2855.5,8627,4069,1849,1442,739,52.9,17.4,24.0,14.6,15.9,82.8,66.5,73.7,1886.62,20,48000,71.0,74.8
Greece,Western Europe,Europe,High,2045,10200000,13.77,1404247,20389,199.9,96.4,292187,2864.6,9688,4485,2038,1712,815,55.0,20.3,26.5,15.6,12.9,79.0,65.9,78.0,2183.84,15,48000,67.2,74.2
Greece,Western Europe,Europe,High,2050,10200000,15.56,1587309,22099,216.7,99.3,289599,2839.2,10695,4861,2209,1988,883,55.0,22.5,27.5,15.8,12.9,86.0,71.0,81.0,2482.07,19,48000,67.5,79.5
Russia,Central/Eastern Europe,Europe,High-Middle,2025,144000000,8.8,12677420,457942,318.0,319.6,5614030,3898.6,183176,119064,45794,27476,18317,43.2,13.4,22.7,10.0,16.7,51.8,44.1,45.6,14837.23,40,18000,68.0,47.5
Russia,Central/Eastern Europe,Europe,High-Middle,2030,144000000,10.42,14999967,524502,364.2,294.7,5854512,4065.6,213996,136370,52450,34617,20980,42.7,13.2,22.8,10.2,17.5,61.6,50.3,48.1,18014.24,41,18000,66.3,54.3
Russia,Central/Eastern Europe,Europe,High-Middle,2035,144000000,11.87,17088303,581836,404.1,272.8,6021294,4181.5,242043,151277,58183,41892,23273,49.6,16.4,24.0,12.7,17.0,61.8,43.7,39.8,21114.13,39,18000,66.5,50.0
Russia,Central/Eastern Europe,Europe,High-Middle,2040,144000000,13.73,19773789,630985,438.2,250.9,6114375,4246.1,267537,164056,63098,49216,25239,54.2,17.8,21.8,13.2,15.2,56.6,50.4,50.9,24124.11,48,18000,65.0,53.0
Russia,Central/Eastern Europe,Europe,High-Middle,2045,144000000,15.15,21811964,716341,497.5,243.5,6133754,4259.6,309459,186248,71634,60172,28653,55.0,20.0,24.6,14.7,15.4,58.9,46.6,57.9,28779.61,50,18000,69.0,54.3
Russia,Central/Eastern Europe,Europe,High-Middle,2050,144000000,16.94,24400505,805626,559.5,215.4,6079433,4221.8,354475,209462,80562,72506,32225,55.0,24.7,25.7,16.6,12.9,68.9,57.7,53.1,33932.59,55,18000,65.6,61.0
Ukraine,Central/Eastern Europe,Europe,Middle,2025,40000000,9.26,3705251,155353,388.4,400.1,1898080,4745.2,55927,46605,15535,9321,6214,43.8,11.3,20.7,10.4,19.2,42.2,33.0,25.0,2236.37,52,8000,66.8,34.7
Ukraine,Central/Eastern Europe,Europe,Middle,2030,40000000,11.44,4576525,187353,468.4,373.6,1979386,4948.5,68796,56205,18735,12365,7494,46.4,16.3,22.2,11.9,17.0,42.8,36.2,31.0,2860.03,57,8000,66.7,37.5
Ukraine,Central/Eastern Europe,Europe,Middle,2035,40000000,12.4,4961747,203198,508.0,346.3,2035775,5089.4,76077,60959,20319,14630,8127,52.5,15.1,23.7,12.2,16.1,46.4,35.8,27.7,3277.09,57,8000,66.9,38.0
Ukraine,Central/Eastern Europe,Europe,Middle,2040,40000000,14.93,5973827,231551,578.9,334.2,2067245,5168.1,88359,69465,23155,18060,9262,54.1,19.5,25.1,12.6,15.2,44.0,33.2,33.3,3935.13,63,8000,68.0,37.6
Ukraine,Central/Eastern Europe,Europe,Middle,2045,40000000,17.21,6885776,254189,635.5,310.3,2073797,5184.5,98828,76256,25418,21351,10167,55.0,18.7,26.5,15.1,15.0,50.0,36.0,27.1,4538.69,63,8000,66.2,39.4
Ukraine,Central/Eastern Europe,Europe,Middle,2050,40000000,18.0,7200000,282201,705.5,280.4,2055431,5138.6,111751,84660,28220,25398,11288,55.0,23.0,27.8,15.5,12.5,50.0,35.6,35.6,5282.74,72,8000,65.6,41.4
Poland,Central/Eastern Europe,Europe,High,2025,32000000,7.56,2418034,78897,246.6,258.4,878104,2744.1,34714,17357,7889,4733,3155,43.4,10.6,19.9,8.8,19.3,73.3,72.7,69.7,6816.79,32,48000,70.4,72.2
Poland,Central/Eastern Europe,Europe,High,2030,32000000,9.14,2926138,94745,296.1,244.8,915718,2861.6,42521,20843,9474,6253,3789,46.6,14.9,22.3,10.5,16.9,76.5,65.2,75.8,8677.6,31,48000,69.4,72.4
Poland,Central/Eastern Europe,Europe,High,2035,32000000,9.97,3190377,102888,321.5,213.6,941805,2943.1,47081,22635,10288,7407,4115,46.6,16.1,23.8,13.6,16.5,75.9,73.8,78.9,9956.56,32,48000,64.5,75.9
Poland,Central/Eastern Europe,Europe,High,2040,32000000,12.1,3871476,117904,368.5,202.2,956364,2988.6,54990,25938,11790,9196,4716,55.0,17.8,23.5,13.7,13.0,82.0,69.4,73.1,12019.75,36,48000,65.3,75.3
Poland,Central/Eastern Europe,Europe,High,2045,32000000,12.87,4119278,119496,373.4,183.0,959395,2998.1,56784,26289,11949,10037,4779,55.0,22.1,25.1,14.3,14.1,80.0,72.3,79.1,12802.94,35,48000,66.0,77.1
Poland,Central/Eastern Europe,Europe,High,2050,32000000,14.16,4531541,136464,426.5,169.2,950898,2971.6,66048,30022,13646,12281,5458,55.0,23.5,25.4,17.2,12.3,84.9,70.8,67.3,15328.08,40,48000,65.8,75.6
Romania,Central/Eastern Europe,Europe,High-Middle,2025,16000000,8.63,1380814,53145,332.2,323.2,586498,3665.6,21258,13817,5314,3188,2125,42.4,10.6,22.6,10.0,16.4,58.5,42.8,44.8,1722.0,42,18000,64.9,49.6
Romania,Central/Eastern Europe,Europe,High-Middle,2030,16000000,10.84,1733672,60329,377.1,306.2,611622,3822.6,24614,15685,6032,3981,2413,46.0,13.7,22.0,11.3,15.8,48.2,47.9,52.6,2070.76,42,18000,68.2,49.2
Romania,Central/Eastern Europe,Europe,High-Middle,2035,16000000,12.03,1924843,67460,421.6,296.3,629045,3931.5,28063,17539,6746,4857,2698,49.1,17.6,23.2,11.8,15.4,56.1,48.6,56.5,2448.15,46,18000,66.4,53.6
Romania,Central/Eastern Europe,Europe,High-Middle,2040,16000000,13.85,2215434,76216,476.4,258.4,638770,3992.3,32315,19816,7621,5944,3048,52.8,21.5,25.2,13.0,14.3,64.4,50.1,45.2,2914.35,46,18000,70.7,54.6
Romania,Central/Eastern Europe,Europe,High-Middle,2045,16000000,15.88,2540043,82165,513.5,251.7,640794,4005.0,35495,21362,8216,6901,3286,55.0,21.3,26.2,14.1,13.0,66.1,50.4,50.4,3300.58,52,18000,71.1,56.7
Romania,Central/Eastern Europe,Europe,High-Middle,2050,16000000,17.54,2805724,90422,565.1,221.1,635119,3969.5,39785,23509,9042,8137,3616,55.0,23.0,25.1,16.3,12.4,68.0,56.6,63.4,3808.86,55,18000,67.3,62.8
Hungary,Central/Eastern Europe,Europe,High,2025,8700000,7.03,611908,22733,261.3,251.6,239745,2755.7,10002,5001,2273,1363,909,43.7,13.3,21.9,8.3,17.4,78.9,64.9,68.0,1963.88,29,48000,67.5,71.3
Hungary,Central/Eastern Europe,Europe,High,2030,8700000,8.54,742826,24763,284.6,234.3,250014,2873.7,11113,5447,2476,1634,990,44.3,15.7,22.6,12.2,18.4,80.0,65.3,74.6,2267.88,26,48000,67.0,73.5
Hungary,Central/Eastern Europe,Europe,High,2035,8700000,9.84,855797,29048,333.9,214.3,257137,2955.6,13292,6390,2904,2091,1161,49.7,16.5,23.7,12.9,15.4,81.6,64.2,74.5,2811.89,29,48000,65.0,73.7
Hungary,Central/Eastern Europe,Europe,High,2040,8700000,11.4,991947,31549,362.6,207.4,261112,3001.3,14714,6940,3154,2460,1261,53.8,19.0,26.2,13.9,14.5,83.0,75.5,74.5,3216.0,37,48000,66.2,78.2
Hungary,Central/Eastern Europe,Europe,High,2045,8700000,12.46,1083696,35216,404.8,178.7,261939,3010.8,16734,7747,3521,2958,1408,55.0,20.8,25.9,15.4,13.2,84.5,70.6,79.0,3773.21,34,48000,68.6,78.3
Hungary,Central/Eastern Europe,Europe,High,2050,8700000,14.05,1222126,38391,441.3,171.6,259619,2984.1,18581,8446,3839,3455,1535,55.0,22.3,26.0,16.0,12.3,87.4,68.2,72.8,4311.54,41,48000,69.8,77.0
Czech Republic,Central/Eastern Europe,Europe,High,2025,9000000,7.2,648358,22169,246.3,259.6,252945,2810.5,9754,4877,2216,1330,886,43.5,12.5,22.2,10.8,15.3,77.0,63.0,64.7,1915.66,30,48000,66.1,69.0
Czech Republic,Central/Eastern Europe,Europe,High,2030,9000000,8.81,792971,27350,303.9,243.0,263780,2930.9,12274,6017,2735,1805,1094,48.2,14.9,23.1,9.9,16.7,74.5,73.1,72.3,2504.88,33,48000,66.5,73.5
Czech Republic,Central/Eastern Europe,Europe,High,2035,9000000,9.76,878268,29093,323.3,231.3,271295,3014.4,13312,6400,2909,2094,1163,48.3,14.9,23.2,12.4,15.4,76.9,64.0,73.7,2814.52,35,48000,66.6,71.6
Czech Republic,Central/Eastern Europe,Europe,High,2040,9000000,10.76,968252,32672,363.0,200.0,275489,3061.0,15238,7187,3267,2548,1306,53.6,19.7,22.6,13.7,14.6,83.0,70.4,72.0,3330.82,31,48000,68.6,75.9
Czech Republic,Central/Eastern Europe,Europe,High,2045,9000000,12.25,1102468,37616,418.0,191.9,276362,3070.7,17875,8275,3761,3159,1504,55.0,18.9,23.5,13.5,13.9,84.5,66.7,79.6,4029.79,38,48000,69.6,77.0
Czech Republic,Central/Eastern Europe,Europe,High,2050,9000000,13.28,1195590,39406,437.8,180.8,273914,3043.5,19072,8669,3940,3546,1576,55.0,21.8,26.1,15.2,12.5,85.2,72.3,74.4,4426.17,40,48000,64.2,78.0
Bulgaria,Central/Eastern Europe,Europe,High-Middle,2025,5800000,9.05,524697,19940,343.8,345.5,226363,3902.8,7976,5184,1994,1196,797,42.4,11.4,22.4,9.1,18.1,54.9,44.4,47.5,645.12,39,18000,67.1,49.4
Bulgaria,Central/Eastern Europe,Europe,High-Middle,2030,5800000,10.72,621596,22266,383.9,321.9,236060,4070.0,9084,5789,2226,1469,890,44.4,15.1,23.5,10.7,18.7,53.4,49.4,53.0,764.37,48,18000,66.4,51.9
Bulgaria,Central/Eastern Europe,Europe,High-Middle,2035,5800000,11.87,688696,25775,444.4,301.7,242785,4186.0,10722,6701,2577,1855,1031,50.6,17.0,21.9,13.4,14.2,62.1,51.6,45.6,935.12,43,18000,66.5,54.3
Bulgaria,Central/Eastern Europe,Europe,High-Middle,2040,5800000,13.88,805293,28927,498.8,277.8,246538,4250.7,12265,7521,2892,2256,1157,55.0,17.8,24.6,12.3,14.0,63.9,54.6,46.1,1105.64,50,18000,67.5,56.2
Bulgaria,Central/Eastern Europe,Europe,High-Middle,2045,5800000,14.93,865709,31674,546.1,254.5,247319,4264.1,13683,8235,3167,2660,1266,55.0,21.0,25.6,14.5,13.6,62.7,50.3,51.0,1273.33,56,18000,66.4,55.4
Bulgaria,Central/Eastern Europe,Europe,High-Middle,2050,5800000,17.0,985826,34233,590.2,241.1,245129,4226.4,15062,8900,3423,3080,1369,55.0,22.5,26.9,14.7,11.5,61.4,53.4,59.9,1443.01,60,18000,68.0,58.2
Serbia,Central/Eastern Europe,Europe,High-Middle,2025,6400000,8.44,540243,19330,302.0,300.3,242037,3781.8,7732,5025,1933,1159,773,39.0,12.7,20.7,10.2,20.1,52.2,37.4,46.9,626.84,44,18000,64.5,45.7
Serbia,Central/Eastern Europe,Europe,High-Middle,2030,6400000,10.1,646148,22028,344.2,287.4,252405,3943.8,8987,5727,2202,1453,881,49.7,12.6,23.3,11.6,18.0,57.3,47.5,47.4,756.66,39,18000,68.2,51.4
Serbia,Central/Eastern Europe,Europe,High-Middle,2035,6400000,11.66,746496,25310,395.5,264.5,259595,4056.2,10528,6580,2531,1822,1012,51.1,16.2,21.9,13.4,14.9,57.0,46.4,55.5,917.38,53,18000,69.1,52.9
Serbia,Central/Eastern Europe,Europe,High-Middle,2040,6400000,13.3,851416,27939,436.6,249.0,263608,4118.9,11846,7264,2793,2179,1117,53.9,19.0,25.5,13.7,14.6,60.5,49.2,55.5,1068.46,37,18000,68.3,55.3
Serbia,Central/Eastern Europe,Europe,High-Middle,2045,6400000,14.65,937349,30808,481.4,230.3,264444,4131.9,13309,8010,3080,2587,1232,55.0,21.4,24.7,15.1,12.7,58.9,49.5,55.4,1238.22,52,18000,68.4,54.7
Serbia,Central/Eastern Europe,Europe,High-Middle,2050,6400000,16.44,1051977,33340,520.9,213.4,262102,4095.3,14669,8668,3334,3000,1333,55.0,23.3,27.8,16.6,13.0,68.2,52.9,49.5,1404.2,48,18000,65.6,58.2
Kazakhstan,Central Asia,Asia,High-Middle,2025,19000000,8.48,1611844,71244,375.0,363.8,732223,3853.8,28497,18523,7124,4274,2849,40.8,12.7,23.1,8.7,17.2,52.7,42.2,51.3,2308.21,43,18000,62.9,48.7
Kazakhstan,Central Asia,Asia,High-Middle,2030,19000000,10.03,1905311,79447,418.1,353.7,763588,4018.9,32414,20656,7944,5243,3177,46.1,15.5,21.4,8.8,17.1,62.4,50.3,49.8,2728.28,47,18000,65.0,55.0
Kazakhstan,Central Asia,Asia,High-Middle,2035,19000000,11.85,2252447,92511,486.9,330.1,785341,4133.4,38484,24052,9251,6660,3700,53.5,16.6,23.4,12.4,14.1,56.9,47.0,47.9,3357.12,49,18000,69.2,51.2
Kazakhstan,Central Asia,Asia,High-Middle,2040,19000000,12.97,2463445,102139,537.6,305.0,797481,4197.3,43306,26556,10213,7966,4085,53.3,19.2,23.8,13.1,14.5,57.0,47.3,49.1,3905.42,56,18000,67.3,51.6
Kazakhstan,Central Asia,Asia,High-Middle,2045,19000000,14.71,2794511,112356,591.3,286.4,800009,4210.6,48537,29212,11235,9437,4494,55.0,20.7,24.9,12.8,13.5,67.3,54.2,55.9,4514.63,57,18000,67.3,59.8
Kazakhstan,Central Asia,Asia,High-Middle,2050,19000000,15.99,3037402,122495,644.7,313.5,792924,4173.3,53897,31848,12249,11024,4899,55.0,23.0,26.3,13.7,12.6,60.7,52.4,47.4,5158.78,67,18000,66.3,54.4
Uzbekistan,Central Asia,Asia,Middle,2025,36000000,9.8,3528917,150500,418.1,430.8,1707988,4744.4,54180,45150,15050,9030,6020,43.5,13.6,21.1,9.7,19.3,42.4,33.2,22.5,2167.97,48,8000,67.8,34.2
Uzbekistan,Central Asia,Asia,Middle,2030,36000000,11.01,3965036,170965,474.9,393.9,1781151,4947.6,62778,51289,17096,11283,6838,43.1,14.2,21.2,10.3,16.7,34.1,33.9,19.4,2609.57,57,8000,68.5,30.4
Uzbekistan,Central Asia,Asia,Middle,2035,36000000,13.25,4769059,201515,559.8,368.8,1831892,5088.6,75447,60454,20151,14509,8060,51.0,15.5,24.1,13.6,15.6,44.6,36.1,27.0,3248.95,62,8000,69.4,37.2
Uzbekistan,Central Asia,Asia,Middle,2040,36000000,15.13,5446916,219843,610.7,336.6,1860210,5167.3,83892,65952,21984,17147,8793,49.7,17.4,24.4,13.5,14.0,43.6,39.8,30.6,3735.22,65,8000,68.5,39.0
Uzbekistan,Central Asia,Asia,Middle,2045,36000000,16.48,5931709,239529,665.4,318.0,1866106,5183.6,93128,71858,23952,20120,9581,55.0,19.9,26.0,14.0,14.1,52.2,37.4,30.5,4276.38,72,8000,65.1,41.6
Uzbekistan,Central Asia,Asia,Middle,2050,36000000,18.0,6480000,261656,726.8,300.4,1849580,5137.7,103615,78496,26165,23549,10466,55.0,22.5,26.0,16.1,11.8,56.3,33.2,33.7,4899.21,71,8000,67.0,42.6
Kyrgyzstan,Central Asia,Asia,Low-Middle,2025,7000000,9.3,651045,32058,458.0,434.7,399414,5705.9,10258,10899,3205,1923,1282,41.6,11.6,22.7,8.7,18.5,34.1,13.9,12.8,201.63,57,3500,67.8,21.7
Kyrgyzstan,Central Asia,Asia,Low-Middle,2030,7000000,12.02,841411,36053,515.0,415.3,416524,5950.3,11767,12258,3605,2379,1442,45.4,14.8,21.4,10.4,17.4,34.5,20.7,11.7,240.76,57,3500,69.0,24.0
Kyrgyzstan,Central Asia,Asia,Low-Middle,2035,7000000,13.09,916219,40106,573.0,395.7,428390,6119.9,13347,13636,4010,2887,1604,49.8,15.8,23.9,14.1,15.6,30.9,19.3,17.0,282.9,64,3500,70.4,23.4
Kyrgyzstan,Central Asia,Asia,Low-Middle,2040,7000000,14.42,1009464,44603,637.2,371.2,435012,6214.5,15129,15165,4460,3479,1784,54.6,17.7,25.8,12.0,15.7,30.4,25.0,15.1,331.1,70,3500,69.1,24.7
Kyrgyzstan,Central Asia,Asia,Low-Middle,2045,7000000,17.32,1212737,49847,712.1,337.5,436391,6234.2,17227,16947,4984,4187,1993,54.4,22.1,25.8,14.1,12.3,35.4,27.2,15.5,390.16,71,3500,67.7,27.6
Kyrgyzstan,Central Asia,Asia,Low-Middle,2050,7000000,18.0,1260000,54303,775.8,299.9,432526,6178.9,19114,18463,5430,4887,2172,55.0,22.6,27.3,17.0,12.2,36.6,28.9,21.1,445.11,78,3500,68.6,30.0
Tajikistan,Central Asia,Asia,Low-Middle,2025,10000000,9.45,945350,45683,456.8,443.0,541406,5414.1,14618,15532,4568,2740,1827,40.9,11.0,20.8,9.4,19.2,30.5,17.2,16.5,287.27,53,3500,69.5,22.4
Tajikistan,Central Asia,Asia,Low-Middle,2030,10000000,11.72,1172015,51388,513.9,426.7,564598,5646.0,16773,17471,5138,3391,2055,47.9,12.4,22.3,11.4,18.7,31.1,21.0,10.7,343.45,62,3500,64.6,22.5
Tajikistan,Central Asia,Asia,Low-Middle,2035,10000000,14.14,1414158,59158,591.6,400.2,580682,5806.8,19687,20113,5915,4259,2366,49.4,15.3,21.2,12.5,16.9,35.0,23.6,13.7,417.96,69,3500,66.9,25.7
Tajikistan,Central Asia,Asia,Low-Middle,2040,10000000,15.9,1590236,64578,645.8,372.1,589659,5896.6,21904,21956,6457,5037,2583,51.1,17.1,26.1,14.4,15.4,34.3,15.6,14.7,480.3,69,3500,66.3,22.8
Tajikistan,Central Asia,Asia,Low-Middle,2045,10000000,17.72,1771657,71584,715.8,348.4,591528,5915.3,24739,24338,7158,6013,2863,55.0,19.4,25.9,15.9,15.5,36.1,23.7,17.1,559.34,80,3500,65.8,27.0
Tajikistan,Central Asia,Asia,Low-Middle,2050,10000000,18.0,1800000,77874,778.7,316.0,586289,5862.9,27411,26477,7787,7008,3114,55.0,22.2,27.7,16.5,13.3,33.9,29.6,18.0,637.6,82,3500,64.2,28.4
Turkmenistan,Central Asia,Asia,Middle,2025,6200000,8.9,551767,27205,438.8,422.3,285020,4597.1,9793,8161,2720,1632,1088,44.3,11.5,20.0,9.1,19.2,39.5,28.4,28.6,392.0,56,8000,70.3,32.9
Turkmenistan,Central Asia,Asia,Middle,2030,6200000,10.6,657206,29909,482.4,401.9,297229,4794.0,10982,8972,2990,1973,1196,46.1,13.1,21.8,11.5,16.9,42.1,29.3,28.1,456.07,58,8000,69.5,34.1
Turkmenistan,Central Asia,Asia,Middle,2035,6200000,11.91,738485,34018,548.7,368.2,305696,4930.6,12736,10205,3401,2449,1360,48.4,16.1,22.2,11.7,14.8,44.6,33.4,27.1,548.73,58,8000,66.9,36.3
Turkmenistan,Central Asia,Asia,Middle,2040,6200000,13.61,843574,39057,630.0,359.6,310422,5006.8,14904,11717,3905,3046,1562,54.3,19.1,23.5,14.3,16.3,42.6,32.0,35.1,663.79,69,8000,68.1,37.0
Turkmenistan,Central Asia,Asia,Middle,2045,6200000,15.95,988651,41647,671.7,327.0,311406,5022.7,16192,12494,4164,3498,1665,55.0,20.2,25.6,13.6,14.2,49.7,36.2,36.5,743.48,70,8000,65.4,41.7
Turkmenistan,Central Asia,Asia,Middle,2050,6200000,17.36,1076483,46131,744.1,292.8,308648,4978.2,18267,13839,4613,4151,1845,55.0,21.0,25.9,17.3,12.1,50.0,37.7,39.3,864.22,76,8000,65.5,43.0
Azerbaijan,Central Asia,Asia,Middle,2025,10400000,9.64,1002241,46066,443.0,425.0,488301,4695.2,16583,13819,4606,2763,1842,44.4,13.0,22.5,10.4,16.6,40.6,34.3,30.7,663.43,58,8000,67.0,35.9
Azerbaijan,Central Asia,Asia,Middle,2030,10400000,11.71,1217632,51330,493.6,400.0,509218,4896.3,18848,15399,5133,3387,2053,43.1,14.4,24.0,11.0,18.0,43.9,38.0,26.0,783.92,53,8000,64.2,37.4
Azerbaijan,Central Asia,Asia,Middle,2035,10400000,13.28,1381560,58204,559.7,366.8,523725,5035.8,21791,17461,5820,4190,2328,48.7,14.5,23.2,12.4,16.6,44.0,34.0,28.5,939.59,58,8000,66.0,36.6
Azerbaijan,Central Asia,Asia,Middle,2040,10400000,14.67,1525492,64762,622.7,348.3,531821,5113.7,24713,19428,6476,5051,2590,53.3,18.5,24.0,13.9,13.8,42.6,35.1,24.4,1099.36,68,8000,69.5,35.4
Azerbaijan,Central Asia,Asia,Middle,2045,10400000,17.03,1771370,70309,676.1,322.2,533506,5129.9,27336,21092,7030,5905,2812,55.0,19.1,26.5,14.8,14.7,41.6,32.2,32.1,1255.65,74,8000,67.7,35.9
Azerbaijan,Central Asia,Asia,Middle,2050,10400000,18.0,1872000,79131,760.9,312.5,528781,5084.4,31335,23739,7913,7121,3165,55.0,21.6,27.1,15.3,12.2,49.1,40.9,36.7,1480.71,76,8000,66.0,43.1
Armenia,Central Asia,Asia,High-Middle,2025,2800000,8.3,232397,10174,363.4,372.0,107904,3853.7,4069,2645,1017,610,406,41.2,13.0,24.5,8.7,16.1,60.6,46.2,44.5,329.9,32,18000,67.0,51.5
Armenia,Central Asia,Asia,High-Middle,2030,2800000,9.98,279367,11763,420.1,339.6,112526,4018.8,4799,3058,1176,776,470,45.8,13.2,23.3,10.5,16.5,54.0,48.6,52.4,403.87,47,18000,64.1,51.7
Armenia,Central Asia,Asia,High-Middle,2035,2800000,12.64,353813,13024,465.2,314.5,115732,4133.3,5417,3386,1302,937,520,47.7,17.7,25.2,12.6,17.6,60.1,49.4,49.8,473.23,52,18000,65.7,53.8
Armenia,Central Asia,Asia,High-Middle,2040,2800000,13.18,368992,14469,516.8,287.4,117521,4197.2,6134,3761,1446,1128,578,53.0,19.6,24.3,13.6,14.8,63.5,43.1,48.6,553.28,55,18000,66.0,52.6
Armenia,Central Asia,Asia,High-Middle,2045,2800000,14.8,414290,16133,576.2,262.7,117893,4210.5,6969,4194,1613,1355,645,55.0,19.8,25.4,14.3,11.5,65.7,55.2,54.6,647.59,55,18000,66.9,59.3
Armenia,Central Asia,Asia,High-Middle,2050,2800000,16.97,475273,17623,629.4,306.5,116849,4173.2,7754,4581,1762,1586,704,55.0,23.3,27.1,15.1,12.7,68.2,57.6,50.1,742.55,60,18000,66.7,60.0
Georgia,Central Asia,Asia,High-Middle,2025,3700000,8.98,332273,14265,385.5,386.5,147304,3981.2,5706,3708,1426,855,570,44.8,13.1,21.9,9.0,17.0,57.8,43.1,44.0,461.81,41,18000,68.7,49.2
Georgia,Central Asia,Asia,High-Middle,2030,3700000,10.5,388359,15686,424.0,355.4,153614,4151.8,6399,4078,1568,1035,627,46.0,13.6,24.4,10.9,18.0,58.8,49.4,44.6,538.77,46,18000,64.1,52.0
Georgia,Central Asia,Asia,High-Middle,2035,3700000,11.9,440437,17911,484.1,338.5,157990,4270.0,7450,4656,1791,1289,716,47.9,16.9,22.1,12.9,16.9,60.6,50.3,53.0,649.48,54,18000,66.0,55.1
Georgia,Central Asia,Asia,High-Middle,2040,3700000,13.83,511848,20114,543.6,309.5,160433,4336.0,8528,5229,2011,1568,804,52.3,18.4,23.4,14.5,15.4,60.1,48.4,53.6,768.64,55,18000,69.3,54.4
Georgia,Central Asia,Asia,High-Middle,2045,3700000,15.38,569085,22382,604.9,282.7,160941,4349.8,9669,5819,2238,1880,895,55.0,19.9,27.1,14.3,11.9,64.9,47.8,54.8,899.89,60,18000,69.1,56.4
Georgia,Central Asia,Asia,High-Middle,2050,3700000,17.2,636370,24407,659.7,308.7,159516,4311.3,10739,6345,2440,2196,976,55.0,22.6,26.0,17.3,11.8,69.6,54.5,47.4,1028.21,55,18000,68.2,58.8
United States,High-income North America,Americas,High,2025,335000000,6.65,22262040,608282,181.6,195.4,9442082,2818.5,267644,133822,60828,36496,24331,44.2,14.0,22.0,10.8,19.3,72.8,63.5,76.9,52556.41,24,48000,64.6,70.6
United States,High-income North America,Americas,High,2030,335000000,8.12,27188153,698891,208.6,184.2,9846543,2939.3,313662,153756,69889,46126,27955,46.2,15.7,24.0,11.5,17.4,77.1,68.3,62.9,64007.09,24,48000,64.1,70.5
United States,High-income North America,Americas,High,2035,335000000,10.0,33487943,798927,238.5,164.9,10127049,3023.0,365588,175763,79892,57522,31957,51.8,15.8,23.8,12.3,15.4,79.6,65.9,69.5,77310.88,27,48000,64.8,72.3
United States,High-income North America,Americas,High,2040,335000000,10.8,36176845,878766,262.3,156.1,10283598,3069.7,409856,193328,87876,68543,35150,54.3,18.3,25.4,13.2,14.6,80.4,67.6,74.3,89591.18,25,48000,65.8,74.4
United States,High-income North America,Americas,High,2045,335000000,11.96,40059064,980506,292.7,139.0,10316192,3079.5,465936,215711,98050,82362,39220,55.0,21.3,24.9,13.8,12.6,81.5,70.3,72.9,105046.84,27,48000,66.8,75.5
United States,High-income North America,Americas,High,2050,335000000,13.11,43904798,1063325,317.4,132.0,10224831,3052.2,514649,233931,106332,95699,42533,55.0,22.5,25.4,16.5,10.8,83.9,73.9,77.7,119434.01,31,48000,64.4,78.9
Canada,High-income North America,Americas,High,2025,38000000,6.32,2403362,68847,181.2,169.7,1059405,2787.9,30292,15146,6884,4130,2753,41.8,11.4,24.1,9.7,19.8,77.4,66.4,73.5,5948.58,15,48000,65.8,72.6
Canada,High-income North America,Americas,High,2030,38000000,7.24,2749700,75614,199.0,167.5,1104786,2907.3,33935,16635,7561,4990,3024,45.6,15.8,24.5,11.2,17.9,75.9,61.5,69.3,6925.81,22,48000,65.9,69.2
Canada,High-income North America,Americas,High,2035,38000000,9.31,3539133,91249,240.1,151.1,1136259,2990.2,41755,20074,9124,6569,3649,52.7,16.1,24.3,11.2,17.3,75.5,68.9,69.6,8829.69,24,48000,65.2,71.7
Canada,High-income North America,Americas,High,2040,38000000,10.24,3892656,93492,246.0,139.3,1153824,3036.4,43604,20568,9349,7292,3739,51.4,18.6,26.3,13.2,14.0,80.3,73.3,75.8,9531.43,27,48000,64.2,76.7
Canada,High-income North America,Americas,High,2045,38000000,11.07,4206447,106100,279.2,134.8,1157481,3046.0,50418,23342,10610,8912,4244,55.0,19.6,26.3,15.8,13.0,84.4,65.1,73.7,11367.11,24,48000,64.5,75.0
Canada,High-income North America,Americas,High,2050,38000000,12.27,4664064,115444,303.8,117.5,1147230,3019.0,55874,25397,11544,10389,4617,55.0,20.4,25.7,16.4,9.9,83.5,71.4,82.6,12966.48,30,48000,66.7,79.0
Brazil,Latin America,Americas,Middle,2025,215000000,9.18,19741405,657562,305.8,277.0,10389465,4832.3,236722,197268,65756,39453,26302,44.6,11.7,22.3,10.0,17.6,38.3,31.0,21.9,9469.27,41,8000,65.1,31.6
Brazil,Latin America,Americas,Middle,2030,215000000,11.41,24535785,698270,324.8,255.4,10834508,5039.3,256404,209481,69827,46085,27930,46.2,13.4,23.9,11.7,18.8,41.5,33.6,29.4,10659.04,41,8000,68.9,35.7
Brazil,Latin America,Americas,Middle,2035,215000000,13.37,28735675,762160,354.5,240.0,11143158,5182.9,285352,228648,76216,54875,30486,49.8,16.1,24.2,13.7,16.8,46.6,31.8,26.4,12292.59,47,8000,70.3,36.4
Brazil,Latin America,Americas,Middle,2040,215000000,14.61,31414446,845932,393.5,221.2,11315416,5263.0,322807,253779,84593,65982,33837,52.5,19.3,24.3,14.1,14.6,47.0,31.4,31.3,14372.58,46,8000,64.1,37.6
Brazil,Latin America,Americas,Middle,2045,215000000,17.01,36568334,949869,441.8,213.5,11351280,5279.7,369309,284960,94986,79788,37994,55.0,19.5,27.7,15.5,13.4,51.4,33.1,28.7,16960.56,48,8000,65.3,39.3
Brazil,Latin America,Americas,Middle,2050,215000000,18.0,38700000,1018662,473.8,196.8,11250752,5232.9,403390,305598,101866,91679,40746,55.0,20.7,26.7,14.5,12.5,45.9,44.0,36.6,19069.41,57,8000,65.7,42.9
Mexico,Latin America,Americas,High-Middle,2025,130000000,8.97,11656503,341096,262.4,262.9,5121483,3939.6,136438,88684,34109,20465,13643,39.5,11.0,21.9,10.1,16.9,62.2,49.5,50.4,11051.55,31,18000,65.0,54.8
Mexico,Latin America,Americas,High-Middle,2030,130000000,10.11,13137517,385113,296.2,241.3,5340867,4108.4,157126,100129,38511,25417,15404,46.2,14.0,20.7,10.5,16.5,62.7,48.3,43.7,13226.56,30,18000,69.1,52.9
Mexico,Latin America,Americas,High-Middle,2035,130000000,12.47,16216766,430413,331.1,222.9,5493016,4225.4,179051,111907,43041,30989,17216,47.5,14.8,23.3,13.2,14.3,50.5,46.8,52.2,15619.43,39,18000,66.1,49.6
Mexico,Latin America,Americas,High-Middle,2040,130000000,13.56,17626085,460896,354.5,215.3,5577931,4290.7,195419,119832,46089,35949,18435,53.4,18.8,24.2,13.6,12.3,59.0,51.2,47.1,17621.01,41,18000,66.3,53.3
Mexico,Latin America,Americas,High-Middle,2045,130000000,15.21,19774932,519284,399.4,194.8,5595610,4304.3,224330,135013,51928,43619,20771,55.0,20.6,24.9,15.0,14.4,56.9,54.9,50.7,20862.97,48,18000,64.2,54.6
Mexico,Latin America,Americas,High-Middle,2050,130000000,16.64,21627748,575250,442.5,174.7,5546054,4266.2,253110,149565,57525,51772,23010,55.0,21.7,25.7,16.2,11.4,63.8,54.0,51.7,24229.48,44,18000,63.9,57.3
Argentina,Latin America,Americas,High,2025,45000000,7.52,3384528,85230,189.4,185.0,1261242,2802.8,37501,18750,8523,5113,3409,44.6,12.2,24.0,9.4,19.8,77.3,66.7,72.9,7363.75,25,48000,66.7,72.5
Argentina,Latin America,Americas,High,2030,45000000,9.27,4170858,90860,201.9,162.8,1315268,2922.8,40777,19989,9086,5996,3634,46.2,14.1,24.5,9.6,17.1,71.5,68.9,72.6,8321.53,22,48000,69.0,70.9
Argentina,Latin America,Americas,High,2035,45000000,10.71,4818522,109128,242.5,166.6,1352737,3006.1,49936,24008,10912,7857,4365,50.3,15.5,25.0,13.7,16.9,76.8,69.3,68.8,10560.38,27,48000,62.7,72.2
Argentina,Latin America,Americas,High,2040,45000000,12.08,5435451,118154,262.6,144.4,1373649,3052.6,55107,25993,11815,9216,4726,51.3,18.7,25.2,13.4,14.0,84.1,74.8,73.1,12045.73,27,48000,65.7,78.1
Argentina,Latin America,Americas,High,2045,45000000,13.02,5858364,133982,297.7,138.3,1378002,3062.2,63668,29476,13398,11254,5359,55.0,20.5,25.1,14.7,13.6,77.8,75.9,76.2,14354.52,33,48000,64.4,76.7
Argentina,Latin America,Americas,High,2050,45000000,15.27,6870501,142501,316.7,130.1,1365799,3035.1,68970,31350,14250,12825,5700,55.0,22.5,25.7,16.3,13.1,82.9,70.9,76.6,16005.26,32,48000,65.7,77.1
Colombia,Latin America,Americas,Middle,2025,51000000,9.38,4785275,130160,255.2,257.0,2368551,4644.2,46857,39048,13016,7809,5206,44.0,12.3,21.3,10.4,17.5,37.9,26.5,21.0,1874.11,39,8000,67.2,29.7
Colombia,Latin America,Americas,Middle,2030,51000000,11.22,5719934,151199,296.5,246.9,2470010,4843.2,55520,45359,15119,9979,6047,43.7,14.9,21.8,10.6,15.5,40.5,34.5,31.1,2308.39,43,8000,65.2,36.0
Colombia,Latin America,Americas,Middle,2035,51000000,13.12,6688787,171723,336.7,231.1,2540375,4981.1,64293,51516,17172,12364,6868,47.6,17.1,25.1,13.9,15.4,46.1,40.0,27.5,2768.78,37,8000,68.8,39.4
Colombia,Latin America,Americas,Middle,2040,51000000,14.53,7410454,193236,378.9,207.2,2579646,5058.1,73738,57970,19323,15072,7729,53.4,18.8,25.1,14.6,13.8,44.0,32.5,34.3,3283.92,48,8000,69.8,37.5
Colombia,Latin America,Americas,Middle,2045,51000000,16.54,8434937,221406,434.1,194.5,2587822,5074.2,86082,66421,22140,18598,8856,55.0,22.2,23.6,14.4,12.9,50.2,33.2,35.0,3954.11,51,8000,68.0,40.5
Colombia,Latin America,Americas,Middle,2050,51000000,18.0,9180000,230997,452.9,179.3,2564904,5029.2,91474,69299,23099,20789,9239,55.0,22.5,25.9,14.4,11.5,55.7,34.2,33.8,4324.77,45,8000,67.8,42.7
Chile,Latin America,Americas,High,2025,19000000,7.15,1359100,37947,199.7,182.9,613749,3230.3,16696,8348,3794,2276,1517,43.2,12.4,21.1,10.2,16.1,76.8,65.9,74.6,3279.15,24,48000,66.7,72.4
Chile,Latin America,Americas,High,2030,19000000,8.86,1683004,40590,213.6,175.2,640040,3368.6,18216,8929,4059,2678,1623,47.9,13.9,23.0,10.5,18.1,79.0,72.4,69.5,3717.21,24,48000,67.7,74.3
Chile,Latin America,Americas,High,2035,19000000,10.06,1912012,45680,240.4,166.8,658273,3464.6,20903,10049,4568,3288,1827,50.5,15.3,25.6,13.3,16.0,79.2,69.9,70.6,4420.38,19,48000,68.2,73.8
Chile,Latin America,Americas,High,2040,19000000,11.0,2089366,54627,287.5,148.4,668449,3518.2,25478,12017,5462,4260,2185,52.8,17.7,24.5,14.7,12.3,84.8,70.8,70.2,5568.79,32,48000,64.5,76.3
Chile,Latin America,Americas,High,2045,19000000,12.49,2373891,59405,312.7,138.8,670567,3529.3,28229,13069,5940,4990,2376,55.0,20.7,24.4,15.7,14.7,84.6,72.5,83.0,6364.41,26,48000,67.3,80.0
Chile,Latin America,Americas,High,2050,19000000,13.58,2580401,61468,323.5,143.4,664629,3498.0,29750,13522,6146,5532,2458,55.0,22.5,25.2,16.9,14.9,85.6,70.3,70.8,6904.21,33,48000,67.4,76.5
Peru,Latin America,Americas,Middle,2025,33000000,8.8,2904188,101402,307.3,304.1,1529937,4636.2,36504,30420,10140,6084,4056,44.4,12.6,23.7,8.9,16.6,39.6,31.5,35.2,1460.54,41,8000,65.3,35.6
Peru,Latin America,Americas,Middle,2030,33000000,11.42,3768733,110975,336.3,287.8,1595474,4834.8,40750,33292,11097,7324,4439,45.3,15.7,23.8,11.1,16.4,41.0,32.9,29.3,1693.63,44,8000,67.6,35.2
Peru,Latin America,Americas,Middle,2035,33000000,12.31,4060821,129263,391.7,252.7,1640925,4972.5,48396,38778,12926,9306,5170,47.7,14.5,21.8,11.3,15.1,49.9,31.6,30.7,2084.95,46,8000,67.2,38.7
Peru,Latin America,Americas,Middle,2040,33000000,14.81,4887025,146416,443.7,239.1,1666292,5049.4,55872,43924,14641,11420,5856,50.6,17.3,24.5,12.8,15.3,43.8,41.3,35.8,2488.01,55,8000,69.6,40.9
Peru,Latin America,Americas,Middle,2045,33000000,15.96,5266147,154962,469.6,224.0,1671573,5065.4,60249,46488,15496,13016,6198,55.0,20.6,23.7,14.2,13.6,47.8,42.3,26.5,2767.25,57,8000,71.9,40.5
Peru,Latin America,Americas,Middle,2050,33000000,17.77,5865116,172946,524.1,206.5,1656769,5020.5,68486,51883,17294,15565,6917,55.0,22.5,26.9,14.0,13.3,50.4,37.3,41.2,3237.21,55,8000,71.4,43.5
Venezuela,Latin America,Americas,Middle,2025,29000000,8.89,2578728,84586,291.7,294.2,1385604,4777.9,30450,25375,8458,5075,3383,41.2,11.4,21.9,10.3,18.4,34.7,33.2,29.0,1218.73,44,8000,69.6,32.7
Venezuela,Latin America,Americas,Middle,2030,29000000,11.11,3221036,99574,343.4,274.7,1444958,4982.6,36563,29872,9957,6571,3982,45.5,16.4,24.1,11.7,15.6,38.1,32.5,29.6,1519.59,46,8000,70.6,34.0
Venezuela,Latin America,Americas,Middle,2035,29000000,12.59,3650312,106150,366.0,258.1,1486121,5124.6,39742,31845,10615,7642,4246,48.2,15.8,23.5,12.0,14.6,43.6,31.5,18.3,1713.01,49,8000,66.6,33.0
Venezuela,Latin America,Americas,Middle,2040,29000000,14.8,4291955,118425,408.4,237.0,1509095,5203.8,45190,35527,11842,9237,4737,55.0,18.5,26.1,13.7,13.4,44.8,35.2,29.2,2012.17,48,8000,67.2,37.5
Venezuela,Latin America,Americas,Middle,2045,29000000,15.75,4566460,131029,451.8,219.5,1513878,5220.3,50944,39308,13102,11006,5241,54.9,21.4,23.1,15.7,15.1,47.1,28.6,30.6,2339.62,48,8000,66.4,36.5
Venezuela,Latin America,Americas,Middle,2050,29000000,17.35,5032817,147379,508.2,209.2,1500470,5174.0,58362,44213,14737,13264,5895,55.0,22.2,26.1,16.4,12.1,51.5,43.8,36.3,2758.91,54,8000,66.7,45.0
China,East Asia,Asia,High-Middle,2025,1412000000,8.14,114899169,3179166,225.2,229.4,55163781,3906.8,1271666,826583,317916,190749,127166,42.5,11.9,22.6,9.6,19.2,52.4,50.1,41.0,103005.2,33,18000,65.4,48.7
China,East Asia,Asia,High-Middle,2030,1412000000,9.42,133050817,3855404,273.0,217.3,57526777,4074.1,1573004,1002405,385540,254456,154216,46.5,11.6,21.8,12.5,16.3,53.5,46.0,57.3,132409.08,32,18000,69.9,51.8
China,East Asia,Asia,High-Middle,2035,1412000000,11.26,158920962,4174209,295.6,210.5,59165583,4190.2,1736470,1085294,417420,300543,166968,52.5,17.8,24.8,11.8,15.8,58.5,49.2,55.8,151474.14,32,18000,69.7,54.6
China,East Asia,Asia,High-Middle,2040,1412000000,13.61,192110184,4738526,335.6,188.8,60080198,4255.0,2009135,1232016,473852,369605,189541,51.4,18.3,24.2,12.3,15.1,68.5,44.3,50.9,181163.65,36,18000,66.7,55.6
China,East Asia,Asia,High-Middle,2045,1412000000,14.48,204420593,5162233,365.6,166.8,60270623,4268.5,2230084,1342180,516223,433627,206489,53.5,21.6,26.8,14.8,13.9,66.2,52.1,55.6,207397.72,43,18000,67.6,58.6
China,East Asia,Asia,High-Middle,2050,1412000000,16.33,230570118,5467493,387.2,160.2,59736859,4230.7,2405696,1421548,546749,492074,218699,55.0,21.9,25.4,15.1,14.7,69.0,58.8,48.1,230290.84,36,18000,65.6,60.2
Japan,High-income Asia Pacific,Asia,High,2025,124000000,8.39,10399787,60531,48.8,49.3,3398301,2740.6,26633,13316,6053,3631,2421,39.8,13.3,23.4,9.2,19.0,76.0,64.3,68.7,5229.52,17,48000,66.4,70.1
Japan,High-income Asia Pacific,Asia,High,2030,124000000,8.85,10970438,54698,44.1,45.2,3543870,2858.0,24548,12033,5469,3610,2187,47.3,12.8,22.5,11.2,17.0,76.5,67.8,75.8,5009.83,7,48000,65.8,73.3
Japan,High-income Asia Pacific,Asia,High,2035,124000000,10.05,12467550,79425,64.1,44.6,3644827,2939.4,36344,17473,7942,5718,3177,49.9,14.2,24.0,13.9,14.9,76.5,70.5,67.8,7685.48,13,48000,65.1,72.2
Japan,High-income Asia Pacific,Asia,High,2040,124000000,11.98,14852778,85939,69.3,34.8,3701171,2984.8,40081,18906,8593,6703,3437,53.5,18.0,25.3,13.5,15.2,79.5,69.3,71.0,8761.64,9,48000,64.2,73.8
Japan,High-income Asia Pacific,Asia,High,2045,124000000,13.47,16704902,88673,71.5,34.5,3712902,2994.3,42137,19508,8867,7448,3546,55.0,20.9,26.3,15.2,12.9,83.4,72.5,76.0,9499.03,11,48000,70.8,77.8
Japan,High-income Asia Pacific,Asia,High,2050,124000000,14.58,18083433,87346,70.4,24.4,3680020,2967.8,42275,19216,8734,7861,3493,55.0,23.8,27.3,16.7,12.2,86.2,70.8,80.4,9811.28,11,48000,65.7,79.4
South Korea,High-income Asia Pacific,Asia,High,2025,51000000,7.82,3989406,28185,55.3,57.8,1401170,2747.4,12401,6200,2818,1691,1127,40.0,12.2,22.1,11.4,17.1,81.9,66.1,73.5,2434.89,10,48000,67.3,74.3
South Korea,High-income Asia Pacific,Asia,High,2030,51000000,9.77,4983062,26746,52.4,54.0,1461191,2865.1,12003,5884,2674,1765,1069,46.2,14.7,22.7,10.5,17.0,77.6,62.4,76.2,2450.0,8,48000,64.4,71.9
South Korea,High-income Asia Pacific,Asia,High,2035,51000000,10.7,5454701,34770,68.2,44.6,1502817,2946.7,15910,7649,3477,2503,1390,49.3,16.4,22.3,11.4,13.1,81.8,68.2,78.2,3364.05,10,48000,66.8,76.2
South Korea,High-income Asia Pacific,Asia,High,2040,51000000,12.72,6489533,32269,63.3,40.1,1526048,2992.3,15050,7099,3226,2516,1290,55.0,18.0,25.5,13.2,13.8,86.5,64.8,73.9,3289.93,14,48000,68.2,75.7
South Korea,High-income Asia Pacific,Asia,High,2045,51000000,13.63,6952932,42530,83.4,31.4,1530885,3001.7,20210,9356,4253,3572,1701,55.0,21.1,23.9,14.5,14.2,85.0,71.8,74.8,4556.43,13,48000,66.5,77.9
South Korea,High-income Asia Pacific,Asia,High,2050,51000000,14.61,7451463,52306,102.6,20.8,1517327,2975.2,25316,11507,5230,4707,2092,55.0,22.9,27.9,15.6,11.9,79.1,73.3,85.2,5875.15,14,48000,67.0,78.6
Taiwan,High-income Asia Pacific,Asia,High,2025,23000000,6.58,1513902,12651,55.0,56.0,672403,2923.5,5566,2783,1265,759,506,44.0,12.7,21.3,10.8,17.5,72.7,62.7,64.9,1093.28,7,48000,63.9,67.2
Taiwan,High-income Asia Pacific,Asia,High,2030,23000000,8.07,1855447,14313,62.2,41.1,701206,3048.7,6423,3148,1431,944,572,45.2,13.1,21.6,11.6,16.4,77.9,63.9,73.7,1311.49,13,48000,65.6,72.0
Taiwan,High-income Asia Pacific,Asia,High,2035,23000000,9.35,2150979,15881,69.1,49.5,721181,3135.6,7267,3493,1588,1143,635,48.9,16.1,24.2,11.6,14.8,74.8,63.4,69.1,1536.85,10,48000,67.4,69.4
Taiwan,High-income Asia Pacific,Asia,High,2040,23000000,10.78,2480245,14554,63.3,45.0,732330,3184.0,6787,3201,1455,1135,582,54.3,17.3,25.4,12.9,14.9,77.2,64.4,73.5,1483.75,10,48000,64.0,71.8
Taiwan,High-income Asia Pacific,Asia,High,2045,23000000,11.81,2716570,20524,89.2,39.5,734651,3194.1,9753,4515,2052,1724,820,55.0,19.8,27.0,13.9,14.2,86.5,72.8,75.2,2198.6,14,48000,63.6,78.9
Taiwan,High-income Asia Pacific,Asia,High,2050,23000000,12.93,2973711,21150,92.0,22.8,728145,3165.8,10236,4653,2115,1903,846,55.0,22.3,26.0,15.4,11.6,88.5,78.0,73.1,2376.27,9,48000,67.5,81.0
Hong Kong,High-income Asia Pacific,Asia,High,2025,7400000,7.49,553970,4665,63.0,75.9,203559,2750.8,2052,1026,466,279,186,42.2,11.4,21.3,8.9,17.5,74.2,61.8,71.8,403.29,12,48000,67.7,69.3
Hong Kong,High-income Asia Pacific,Asia,High,2030,7400000,8.46,626341,6697,90.5,63.5,212279,2868.6,3005,1473,669,442,267,48.0,16.5,22.4,10.9,16.7,78.8,70.6,70.4,613.53,13,48000,67.6,73.8
Hong Kong,High-income Asia Pacific,Asia,High,2035,7400000,9.21,681696,6742,91.1,70.7,218326,2950.4,3085,1483,674,485,269,50.5,15.4,23.8,13.0,16.1,78.7,66.5,62.4,652.76,12,48000,69.4,70.3
Hong Kong,High-income Asia Pacific,Asia,High,2040,7400000,11.32,837583,7345,99.3,60.8,221701,2996.0,3425,1615,734,572,293,54.8,18.1,26.3,13.2,14.9,82.7,72.2,77.5,748.67,16,48000,66.2,77.7
Hong Kong,High-income Asia Pacific,Asia,High,2045,7400000,12.87,952097,8119,109.7,51.5,222404,3005.5,3858,1786,811,681,324,55.0,21.7,24.3,15.2,14.0,87.9,69.4,72.3,869.78,17,48000,64.6,77.5
Hong Kong,High-income Asia Pacific,Asia,High,2050,7400000,13.64,1009138,10327,139.6,25.2,220434,2978.9,4998,2271,1032,929,413,55.0,20.9,26.1,15.7,13.6,86.4,69.5,77.7,1160.26,19,48000,68.2,78.3
Singapore,High-income Asia Pacific,Asia,High,2025,5900000,7.12,420032,3154,53.5,70.4,168636,2858.2,1387,693,315,189,126,40.8,12.4,23.5,9.5,15.6,73.8,67.7,74.2,272.72,11,48000,63.8,71.8
Singapore,High-income Asia Pacific,Asia,High,2030,5900000,9.18,541595,3945,66.9,62.8,175860,2980.7,1770,867,394,260,157,46.6,13.5,22.3,11.1,16.7,80.4,67.2,70.1,362.24,11,48000,67.9,73.2
Singapore,High-income Asia Pacific,Asia,High,2035,5900000,9.92,585163,5065,85.9,53.3,180870,3065.6,2317,1114,506,364,202,46.6,18.2,25.5,12.1,14.7,80.0,68.5,75.4,490.23,14,48000,69.3,74.8
Singapore,High-income Asia Pacific,Asia,High,2040,5900000,11.53,680493,4954,84.0,55.2,183666,3113.0,2310,1089,495,386,198,55.0,21.5,23.5,13.8,12.7,82.7,68.2,82.7,504.68,6,48000,65.5,77.6
Singapore,High-income Asia Pacific,Asia,High,2045,5900000,11.81,696543,6359,107.8,38.6,184248,3122.9,3021,1398,635,534,254,55.0,18.4,25.2,16.1,14.0,80.4,71.3,76.1,681.51,10,48000,67.6,76.1
Singapore,High-income Asia Pacific,Asia,High,2050,5900000,13.51,797157,6263,106.2,18.6,182616,3095.2,3031,1377,626,563,250,55.0,24.1,26.4,16.1,11.9,88.5,72.4,74.9,702.67,11,48000,65.3,79.5
Australia,High-income Asia Pacific,Oceania,High,2025,26000000,7.69,2000114,18981,73.0,69.6,679824,2614.7,8351,4175,1898,1138,759,42.3,11.7,22.3,10.8,16.9,78.0,62.8,80.6,1640.77,12,48000,64.5,73.3
Australia,High-income Asia Pacific,Oceania,High,2030,26000000,9.36,2432871,24243,93.2,64.9,708945,2726.7,10880,5333,2424,1600,969,47.1,16.3,22.1,10.2,17.1,80.4,63.8,73.1,2220.96,8,48000,66.9,72.8
Australia,High-income Asia Pacific,Oceania,High,2035,26000000,11.01,2862084,25555,98.3,63.3,729141,2804.4,11693,5622,2555,1839,1022,49.7,15.2,23.4,13.5,16.2,81.5,69.0,77.2,2472.71,11,48000,67.9,76.1
Australia,High-income Asia Pacific,Oceania,High,2040,26000000,12.05,3133275,26266,101.0,67.1,740412,2847.7,12250,5778,2626,2048,1050,52.8,20.0,25.5,12.5,14.7,80.3,66.3,74.6,2677.73,12,48000,65.6,73.9
Australia,High-income Asia Pacific,Oceania,High,2045,26000000,13.67,3553550,30282,116.5,64.2,742759,2856.8,14390,6662,3028,2543,1211,55.0,19.9,25.7,14.9,13.8,80.4,70.8,79.0,3244.2,15,48000,66.7,76.7
Australia,High-income Asia Pacific,Oceania,High,2050,26000000,15.15,3938435,33673,129.5,20.9,736181,2831.5,16297,7408,3367,3030,1346,55.0,21.5,27.1,15.5,12.5,85.2,68.5,73.9,3782.83,17,48000,66.3,76.5
New Zealand,High-income Asia Pacific,Oceania,High,2025,5100000,7.43,378731,3048,59.8,56.9,153177,3003.5,1341,670,304,182,121,40.8,13.6,20.2,11.3,17.6,74.3,59.3,70.2,262.83,10,48000,66.1,68.0
New Zealand,High-income Asia Pacific,Oceania,High,2030,5100000,8.45,430920,3472,68.1,59.2,159739,3132.1,1558,763,347,229,138,44.1,13.2,25.1,10.6,18.6,76.3,66.6,77.3,318.62,12,48000,65.6,73.1
New Zealand,High-income Asia Pacific,Oceania,High,2035,5100000,9.9,504865,3958,77.6,50.6,164289,3221.4,1811,870,395,284,158,49.4,16.8,25.9,12.7,16.2,74.4,60.3,75.6,382.96,12,48000,66.9,69.8
New Zealand,High-income Asia Pacific,Oceania,High,2040,5100000,10.93,557561,4714,92.4,47.0,166829,3271.2,2198,1037,471,367,188,52.0,19.3,24.6,14.0,14.3,79.1,70.1,75.1,480.84,12,48000,62.7,74.9
New Zealand,High-income Asia Pacific,Oceania,High,2045,5100000,12.09,616709,5012,98.3,41.6,167358,3281.5,2381,1102,501,421,200,55.0,21.4,24.8,13.6,13.5,81.5,68.5,75.3,537.21,13,48000,67.0,75.4
New Zealand,High-income Asia Pacific,Oceania,High,2050,5100000,13.16,671401,4981,97.7,25.9,165876,3252.5,2410,1095,498,448,199,55.0,22.5,25.1,15.0,14.5,84.5,75.8,70.2,560.78,15,48000,65.9,77.9
India,South Asia,Asia,Low-Middle,2025,1428000000,10.26,146543635,4803978,336.4,337.2,79990523,5601.6,1537272,1633352,480397,288238,192159,39.4,11.6,20.0,10.5,17.3,23.3,15.6,12.6,30264.96,46,3500,64.3,17.9
India,South Asia,Asia,Low-Middle,2030,1428000000,11.83,168979611,5441430,381.1,316.2,83416997,5841.5,1776082,1850086,544143,359134,217657,45.5,14.5,24.0,11.3,16.6,30.1,18.6,6.4,36338.42,54,3500,71.7,20.1
India,South Asia,Asia,Low-Middle,2035,1428000000,13.63,194593580,6078469,425.7,306.7,85793355,6007.9,2022914,2066679,607846,437649,243138,53.2,16.2,24.3,11.2,16.0,37.8,25.1,11.6,42889.48,49,3500,66.0,26.8
India,South Asia,Asia,Low-Middle,2040,1428000000,16.0,228444951,6908170,483.8,265.2,87119598,6100.8,2343251,2348777,690817,538837,276326,53.6,19.7,26.1,13.2,14.0,31.8,17.6,15.1,51353.88,60,3500,67.9,22.7
India,South Asia,Asia,Low-Middle,2045,1428000000,17.42,248772478,7743655,542.3,256.6,87395725,6120.1,2676207,2632842,774365,650467,309746,55.0,21.1,24.7,14.6,11.4,33.3,23.3,18.2,60493.06,59,3500,64.0,26.0
India,South Asia,Asia,Low-Middle,2050,1428000000,18.0,257040000,8550808,598.8,230.8,86621737,6065.9,3009884,2907274,855080,769572,342032,55.0,21.7,24.5,15.0,12.5,32.0,23.0,14.7,70030.46,61,3500,68.3,24.5
Pakistan,South Asia,Asia,Low-Middle,2025,231000000,10.19,23539538,814933,352.8,344.4,12320237,5333.4,260778,277077,81493,48895,32597,41.1,12.1,21.2,9.3,18.7,27.6,21.6,10.2,5133.91,48,3500,65.5,21.2
Pakistan,South Asia,Asia,Low-Middle,2030,231000000,11.82,27297348,942546,408.0,323.8,12847987,5561.9,307647,320465,94254,62208,37701,44.7,13.4,22.2,12.5,16.2,28.2,15.9,14.2,6294.29,50,3500,66.0,20.4
Pakistan,South Asia,Asia,Low-Middle,2035,231000000,13.78,31837108,1018242,440.8,306.7,13213996,5720.3,338870,346202,101824,73313,40729,49.6,17.6,22.7,12.1,15.7,26.8,18.5,18.2,7185.1,60,3500,66.6,21.7
Pakistan,South Asia,Asia,Low-Middle,2040,231000000,15.85,36616878,1100078,476.2,275.9,13418266,5808.8,373146,374026,110007,85806,44003,54.7,19.4,26.8,13.9,16.3,33.4,17.5,18.4,8177.08,58,3500,69.7,24.1
Pakistan,South Asia,Asia,Low-Middle,2045,231000000,16.8,38813067,1290707,558.7,259.1,13460795,5827.2,446068,438840,129070,108419,51628,55.0,20.5,24.0,13.9,12.8,32.7,24.1,13.6,10083.16,66,3500,68.9,24.9
Pakistan,South Asia,Asia,Low-Middle,2050,231000000,18.0,41580000,1369345,592.8,234.6,13341585,5775.6,482009,465577,136934,123241,54773,55.0,24.4,27.6,17.4,10.1,38.3,25.0,16.5,11214.53,67,3500,64.1,28.2
Bangladesh,South Asia,Asia,Low-Middle,2025,170000000,9.81,16672736,587301,345.5,347.0,9222401,5424.9,187936,199682,58730,35238,23492,40.5,11.9,23.1,10.3,18.4,31.3,16.8,9.5,3700.28,47,3500,70.0,20.8
Bangladesh,South Asia,Asia,Low-Middle,2030,170000000,11.3,19212154,663811,390.5,325.7,9617452,5657.3,216667,225695,66381,43811,26552,44.3,15.1,21.3,12.2,17.2,29.5,21.9,15.0,4433.6,56,3500,68.5,23.2
Bangladesh,South Asia,Asia,Low-Middle,2035,170000000,12.89,21907381,750982,441.8,298.4,9891431,5818.5,249926,255333,75098,54070,30039,51.0,15.8,23.5,13.9,15.7,30.1,23.5,13.8,5298.23,59,3500,66.3,23.7
Bangladesh,South Asia,Asia,Low-Middle,2040,170000000,14.69,24965615,843479,496.2,282.0,10044338,5908.4,286108,286782,84347,65791,33739,49.8,18.0,26.2,14.6,13.8,36.8,20.5,13.5,6270.26,58,3500,69.8,25.3
Bangladesh,South Asia,Asia,Low-Middle,2045,170000000,16.62,28245935,928749,546.3,262.0,10076174,5927.2,320975,315774,92874,78014,37149,55.0,20.4,26.8,15.2,13.2,31.5,25.3,9.7,7255.28,67,3500,68.9,23.9
Bangladesh,South Asia,Asia,Low-Middle,2050,170000000,17.94,30494172,1019249,599.6,229.5,9986938,5874.7,358775,346544,101924,91732,40769,55.0,22.9,25.8,15.6,12.7,36.1,26.3,14.6,8347.38,70,3500,69.9,27.3
Sri Lanka,South Asia,Asia,Middle,2025,22000000,9.48,2085954,65705,298.7,302.3,1102153,5009.8,23653,19711,6570,3942,2628,42.9,11.1,21.6,10.3,17.2,36.6,31.4,35.5,946.77,45,8000,69.4,34.5
Sri Lanka,South Asia,Asia,Middle,2030,22000000,11.83,2603084,75092,341.3,279.7,1149365,5224.4,27573,22527,7509,4956,3003,43.6,14.3,22.9,11.3,16.5,43.6,29.1,26.9,1145.88,46,8000,67.4,34.3
Sri Lanka,South Asia,Asia,Middle,2035,22000000,13.33,2932065,83154,378.0,256.3,1182108,5373.2,31132,24946,8315,5987,3326,51.8,15.0,24.8,12.8,15.0,48.4,34.8,28.0,1340.18,46,8000,67.3,38.5
Sri Lanka,South Asia,Asia,Middle,2040,22000000,15.35,3377164,91485,415.8,235.4,1200381,5456.3,34910,27445,9148,7135,3659,50.2,18.7,24.6,14.0,14.5,46.9,32.6,30.8,1554.76,49,8000,68.2,37.9
Sri Lanka,South Asia,Asia,Middle,2045,22000000,16.68,3670036,101793,462.7,218.0,1204186,5473.6,39577,30537,10179,8550,4071,55.0,21.8,25.2,13.9,14.2,52.0,32.6,39.9,1817.82,54,8000,70.3,42.2
Sri Lanka,South Asia,Asia,Middle,2050,22000000,18.0,3960000,112149,509.8,209.5,1193522,5425.1,44411,33644,11214,10093,4485,55.0,23.7,27.8,15.1,13.4,49.5,38.4,33.5,2099.47,60,8000,64.7,41.6
Nepal,South Asia,Asia,Low,2025,29000000,9.39,2723757,101612,350.4,345.5,1844507,6360.4,28451,36580,10161,6096,4064,40.7,12.9,21.8,9.8,18.2,30.2,15.1,15.5,220.21,44,1200,68.7,21.2
Nepal,South Asia,Asia,Low,2030,29000000,10.76,3119961,117800,406.2,326.5,1923519,6632.8,33643,42408,11780,7774,4712,48.1,12.5,22.7,11.5,16.2,27.5,20.3,13.3,269.72,56,1200,67.3,21.4
Nepal,South Asia,Asia,Low,2035,29000000,12.57,3643992,129874,447.8,308.3,1978315,6821.8,37819,46754,12987,9350,5194,49.0,15.7,23.4,13.3,15.6,30.0,21.3,14.4,313.6,55,1200,67.4,23.1
Nepal,South Asia,Asia,Low,2040,29000000,14.56,4221847,147604,509.0,284.5,2008897,6927.2,43808,53137,14760,11513,5904,54.9,18.3,27.0,13.2,14.0,35.6,26.9,9.5,376.11,58,1200,68.4,26.0
Nepal,South Asia,Asia,Low,2045,29000000,16.18,4692598,163914,565.2,264.1,2015264,6949.2,49567,59009,16391,13768,6556,55.0,20.1,26.7,15.0,15.4,31.6,20.9,23.3,438.66,63,1200,66.3,25.8
Nepal,South Asia,Asia,Low,2050,29000000,17.92,5196056,172757,595.7,248.5,1997417,6887.6,53209,62192,17275,15548,6910,55.0,23.6,25.7,16.3,11.4,44.8,25.3,17.0,485.93,62,1200,71.4,31.0
Indonesia,South-East Asia,Asia,Middle,2025,275000000,9.96,27391788,806792,293.4,283.3,12963768,4714.1,290445,242037,80679,48407,32271,40.0,11.7,23.4,10.5,17.6,38.2,35.8,22.2,11617.78,37,8000,70.0,33.4
Indonesia,South-East Asia,Asia,Middle,2030,275000000,12.36,33983700,918689,334.1,272.3,13519084,4916.0,337342,275606,91868,60633,36747,44.8,15.9,22.5,11.0,19.6,41.5,27.5,30.1,14022.78,45,8000,67.1,33.8
Indonesia,South-East Asia,Asia,Middle,2035,275000000,12.96,35648014,1044115,379.7,265.8,13904212,5056.1,390916,313234,104411,75176,41764,49.6,15.4,23.7,11.7,17.9,41.9,35.3,28.7,16838.91,48,8000,68.2,36.3
Indonesia,South-East Asia,Asia,Middle,2040,275000000,14.67,40351609,1091277,396.8,239.8,14119151,5134.2,416431,327383,109127,85119,43651,54.5,17.4,25.1,12.6,15.5,48.8,37.0,35.1,18543.76,43,8000,65.8,41.2
Indonesia,South-East Asia,Asia,Middle,2045,275000000,16.6,45649520,1290928,469.4,223.8,14163902,5150.5,501912,387278,129092,108437,51637,55.0,19.8,23.7,13.8,12.4,47.1,37.2,33.7,23050.56,51,8000,67.6,40.3
Indonesia,South-East Asia,Asia,Middle,2050,275000000,18.0,49500000,1404269,510.6,194.1,14038465,5104.9,556090,421280,140426,126384,56170,55.0,22.2,27.9,15.9,13.2,49.7,42.7,35.0,26288.19,57,8000,66.3,43.6
Philippines,South-East Asia,Asia,Middle,2025,115000000,10.1,11616287,350089,304.4,283.6,5541806,4819.0,126032,105026,35008,21005,14003,42.1,11.7,22.2,10.4,16.0,46.3,27.6,28.0,5041.3,46,8000,67.2,35.2
Philippines,South-East Asia,Asia,Middle,2030,115000000,11.28,12977196,385462,335.2,279.7,5779195,5025.4,141541,115638,38546,25440,15418,45.9,14.0,21.7,11.5,16.9,43.7,32.2,26.4,5884.08,41,8000,61.2,35.3
Philippines,South-East Asia,Asia,Middle,2035,115000000,13.45,15471075,425486,370.0,254.8,5943831,5168.5,159301,127645,42548,30634,17019,52.4,18.3,23.8,11.7,16.4,42.9,34.4,27.4,6862.36,44,8000,69.8,36.0
Philippines,South-East Asia,Asia,Middle,2040,115000000,14.72,16933088,485529,422.2,233.5,6035714,5248.4,185277,145658,48552,37871,19421,54.3,17.4,25.2,14.4,14.6,42.9,36.3,27.6,8249.91,51,8000,70.1,36.8
Philippines,South-East Asia,Asia,Middle,2045,115000000,17.09,19654069,528521,459.6,219.0,6054844,5265.1,205488,158556,52852,44395,21140,55.0,21.1,26.9,14.5,10.4,45.5,40.0,31.9,9437.1,56,8000,67.2,40.2
Philippines,South-East Asia,Asia,Middle,2050,115000000,18.0,20700000,563325,489.8,190.7,6001221,5218.5,223076,168997,56332,50699,22533,55.0,24.0,25.5,15.8,11.7,48.4,32.3,31.5,10545.42,54,8000,71.7,38.6
Vietnam,South-East Asia,Asia,Middle,2025,97000000,8.94,8673250,310413,320.0,316.5,4358607,4493.4,111748,93123,31041,18624,12416,40.8,13.6,21.7,10.5,17.1,39.8,29.0,25.3,4470.52,39,8000,68.0,32.4
Vietnam,South-East Asia,Asia,Middle,2030,97000000,10.75,10430509,355850,366.9,295.9,4545312,4685.9,130668,106755,35585,23486,14234,47.0,13.2,24.4,11.2,15.6,44.0,31.0,22.2,5431.86,49,8000,70.0,34.0
Vietnam,South-East Asia,Asia,Middle,2035,97000000,12.53,12150871,398899,411.2,276.4,4674798,4819.4,149347,119669,39889,28720,15955,51.6,15.4,23.4,11.7,14.4,44.7,38.0,29.2,6433.0,50,8000,68.6,38.5
Vietnam,South-East Asia,Asia,Middle,2040,97000000,13.92,13506025,453802,467.8,258.2,4747063,4893.9,173170,136140,45380,35396,18152,52.7,18.6,25.3,13.6,13.5,53.0,34.1,31.4,7711.31,49,8000,67.5,41.0
Vietnam,South-East Asia,Asia,Middle,2045,97000000,15.74,15268357,491275,506.5,236.3,4762109,4909.4,191007,147382,49127,41267,19651,55.0,19.4,24.6,13.7,13.0,40.3,35.5,29.9,8772.28,58,8000,69.9,36.0
Vietnam,South-East Asia,Asia,Middle,2050,97000000,17.34,16823082,542018,558.8,233.3,4719935,4865.9,214639,162605,54201,48781,21680,55.0,23.4,24.4,15.7,12.4,51.8,39.8,30.0,10146.37,60,8000,65.8,42.2
Thailand,South-East Asia,Asia,High-Middle,2025,72000000,8.86,6376163,184131,255.7,261.4,2826523,3925.7,73652,47874,18413,11047,7365,41.4,12.5,22.2,9.7,18.7,54.5,42.9,49.0,5965.34,29,18000,66.9,49.1
Thailand,South-East Asia,Asia,High-Middle,2030,72000000,10.38,7474687,212782,295.5,240.4,2947599,4093.9,86815,55323,21278,14043,8511,47.5,13.5,22.5,11.5,15.5,52.6,47.7,47.2,7307.33,39,18000,65.3,49.6
Thailand,South-East Asia,Asia,High-Middle,2035,72000000,12.39,8921104,236509,328.5,226.4,3031570,4210.5,98387,61492,23650,17028,9460,51.4,14.4,24.1,13.1,15.4,55.6,49.5,54.0,8582.88,40,18000,67.1,53.1
Thailand,South-East Asia,Asia,High-Middle,2040,72000000,14.17,10202572,274080,380.7,207.5,3078434,4275.6,116209,71260,27408,21378,10963,51.4,18.7,25.6,14.3,14.7,58.4,48.3,47.0,10478.6,42,18000,71.2,52.0
Thailand,South-East Asia,Asia,High-Middle,2045,72000000,15.7,11301493,302106,419.6,200.6,3088191,4289.2,130509,78547,30210,25376,12084,55.0,20.2,25.4,15.0,14.1,63.0,50.5,49.6,12136.71,48,18000,71.4,55.3
Thailand,South-East Asia,Asia,High-Middle,2050,72000000,17.42,12541736,316695,439.9,186.3,3060841,4251.2,139345,82340,31669,28502,12667,55.0,22.2,27.0,15.6,14.1,66.1,50.2,55.7,13339.72,45,18000,67.9,57.9
Malaysia,South-East Asia,Asia,High-Middle,2025,33000000,8.59,2833550,80235,243.1,246.8,1279489,3877.2,32094,20861,8023,4814,3209,41.4,11.7,23.0,10.2,17.6,58.1,42.9,45.1,2598.2,30,18000,69.6,49.5
Malaysia,South-East Asia,Asia,High-Middle,2030,33000000,9.98,3293512,89888,272.4,218.9,1334297,4043.3,36674,23370,8988,5932,3595,42.3,13.6,24.4,12.8,17.2,54.2,43.7,49.6,3087.25,41,18000,68.9,49.4
Malaysia,South-East Asia,Asia,High-Middle,2035,33000000,12.26,4044270,103345,313.2,214.8,1372308,4158.5,42991,26869,10334,7440,4133,50.3,15.6,23.7,11.7,13.4,59.9,53.5,43.5,3750.21,34,18000,68.0,53.6
Malaysia,South-East Asia,Asia,High-Middle,2040,33000000,12.56,4144454,112467,340.8,198.6,1393522,4222.8,47686,29241,11246,8772,4498,51.8,19.7,26.4,13.4,16.0,60.5,48.8,51.2,4299.98,37,18000,67.0,54.1
Malaysia,South-East Asia,Asia,High-Middle,2045,33000000,14.37,4741588,128228,388.6,188.5,1397939,4236.2,55394,33339,12822,10771,5129,55.0,21.1,25.6,14.4,13.9,58.2,50.8,42.1,5150.85,38,18000,69.0,51.6
Malaysia,South-East Asia,Asia,High-Middle,2050,33000000,16.01,5281738,136383,413.3,169.8,1385558,4198.7,60008,35459,13638,12274,5455,55.0,23.1,26.2,16.2,13.5,63.6,53.1,52.0,5743.65,46,18000,71.1,57.0
Myanmar,South-East Asia,Asia,Low-Middle,2025,54000000,10.03,5415627,173652,321.6,310.2,2901798,5373.7,55568,59041,17365,10419,6946,42.0,10.2,21.2,8.5,18.4,30.5,17.3,13.1,1093.84,48,3500,68.0,21.6
Myanmar,South-East Asia,Asia,Low-Middle,2030,54000000,11.9,6426822,195734,362.5,280.7,3026099,5603.9,63887,66549,19573,12918,7829,43.8,13.7,20.7,10.2,17.1,30.7,20.5,13.0,1306.77,49,3500,66.9,22.7
Myanmar,South-East Asia,Asia,Low-Middle,2035,54000000,14.12,7624022,212872,394.2,263.6,3112306,5763.5,70843,72376,21287,15326,8514,51.8,16.9,25.8,12.5,17.6,38.2,16.0,14.9,1502.07,48,3500,68.7,24.6
Myanmar,South-East Asia,Asia,Low-Middle,2040,54000000,15.68,8465595,237568,439.9,253.1,3160418,5852.6,80583,80773,23756,18530,9502,54.9,18.5,25.6,13.4,15.2,30.4,21.3,14.6,1765.44,53,3500,68.4,23.3
Myanmar,South-East Asia,Asia,Low-Middle,2045,54000000,17.34,9362612,268764,497.7,234.6,3170435,5871.2,92884,91379,26876,22576,10750,55.0,19.8,26.5,15.8,14.2,39.2,24.5,19.2,2099.62,54,3500,68.2,29.1
Myanmar,South-East Asia,Asia,Low-Middle,2050,54000000,18.0,9720000,299922,555.4,210.1,3142357,5819.2,105572,101973,29992,26992,11996,55.0,22.5,24.9,14.5,13.3,42.6,23.8,10.4,2456.2,58,3500,66.4,28.0
Nigeria,Sub-Saharan Africa,Africa,Low,2025,218000000,10.08,21971560,877797,402.7,400.3,13244751,6075.6,245783,316006,87779,52667,35111,42.2,12.5,22.5,10.0,19.4,29.7,16.6,10.2,1895.76,55,1200,66.9,20.3
Nigeria,Sub-Saharan Africa,Africa,Low,2030,218000000,12.07,26311882,1011772,464.1,371.0,13812103,6335.8,288962,364237,101177,66776,40470,47.5,14.9,21.6,11.1,17.9,26.3,20.9,12.8,2315.68,59,1200,66.4,21.0
Nigeria,Sub-Saharan Africa,Africa,Low,2035,218000000,13.27,28918337,1120633,514.1,343.0,14205578,6516.3,326328,403427,112063,80685,44825,48.4,18.8,24.8,11.7,17.2,29.0,19.5,9.4,2711.16,66,1200,66.1,20.8
Nigeria,Sub-Saharan Africa,Africa,Low,2040,218000000,16.14,35191859,1266653,581.0,314.3,14425176,6617.1,375942,455995,126665,98798,50666,50.1,18.8,25.1,13.0,13.4,37.0,23.3,16.0,3228.13,62,1200,63.2,27.0
Nigeria,Sub-Saharan Africa,Africa,Low,2045,218000000,17.24,37588007,1399873,642.1,299.2,14470897,6638.0,423321,503954,139987,117589,55994,54.5,20.9,26.4,14.3,13.3,36.8,23.9,20.0,3750.64,65,1200,70.6,28.1
Nigeria,Sub-Saharan Africa,Africa,Low,2050,218000000,18.0,39240000,1526144,700.1,276.7,14342740,6579.2,470052,549411,152614,137352,61045,55.0,23.3,25.9,15.4,13.4,35.5,27.9,17.1,4284.25,73,1200,68.8,28.2
Ethiopia,Sub-Saharan Africa,Africa,Low,2025,126000000,9.04,11389548,489734,388.7,386.0,8061621,6398.1,137125,176304,48973,29384,19589,42.8,13.8,21.1,11.3,18.4,25.4,24.6,13.6,1058.16,52,1200,66.5,22.2
Ethiopia,Sub-Saharan Africa,Africa,Low,2030,126000000,10.74,13533716,572438,454.3,362.5,8406949,6672.2,163488,206077,57243,37780,22897,45.7,15.6,22.6,11.6,17.8,29.4,20.5,15.6,1310.45,59,1200,67.0,22.9
Ethiopia,Sub-Saharan Africa,Africa,Low,2035,126000000,12.34,15542779,612341,486.0,334.8,8646444,6862.3,178313,220442,61234,44088,24493,48.2,15.8,24.7,11.0,13.9,29.8,22.6,15.2,1480.99,63,1200,66.8,23.6
Ethiopia,Sub-Saharan Africa,Africa,Low,2040,126000000,13.88,17487010,695313,551.8,317.0,8780105,6968.3,206368,250312,69531,54234,27812,52.2,19.1,25.3,14.4,15.1,29.2,29.1,16.5,1772.47,64,1200,70.3,26.0
Ethiopia,Sub-Saharan Africa,Africa,Low,2045,126000000,15.17,19111627,776353,616.2,285.7,8807934,6990.4,234769,279487,77635,65213,31054,55.0,19.4,26.0,15.9,14.5,39.7,27.8,13.9,2079.68,62,1200,66.7,29.1
Ethiopia,Sub-Saharan Africa,Africa,Low,2050,126000000,16.88,21273944,837561,664.7,274.6,8729930,6928.5,257968,301521,83756,75380,33502,55.0,23.1,27.3,15.2,12.9,38.8,23.5,16.3,2351.12,70,1200,70.0,27.8
South Africa,Sub-Saharan Africa,Africa,Middle,2025,60000000,10.21,6125318,192471,320.8,324.7,2750751,4584.6,69289,57741,19247,11548,7698,44.1,11.0,21.5,10.5,18.1,40.5,27.1,27.7,2772.15,38,8000,66.0,32.6
South Africa,Sub-Saharan Africa,Africa,Middle,2030,60000000,12.48,7486731,226917,378.2,297.1,2868582,4781.0,83323,68075,22691,14976,9076,45.4,13.1,21.8,11.0,16.6,44.7,29.6,30.7,3463.51,44,8000,66.7,35.9
South Africa,Sub-Saharan Africa,Africa,Middle,2035,60000000,13.88,8329186,257449,429.1,287.9,2950302,4917.2,96388,77234,25744,18536,10297,47.6,17.2,22.9,12.6,15.8,43.5,31.7,32.5,4150.35,54,8000,65.6,36.6
South Africa,Sub-Saharan Africa,Africa,Middle,2040,60000000,16.19,9712433,283479,472.5,268.4,2995909,4993.2,108175,85043,28347,22111,11339,53.4,17.5,22.9,13.3,12.8,44.1,33.9,28.2,4816.9,53,8000,66.7,36.6
South Africa,Sub-Saharan Africa,Africa,Middle,2045,60000000,17.85,10707010,304277,507.1,234.4,3005405,5009.0,118302,91283,30427,25559,12171,55.0,18.6,24.7,15.7,13.0,47.7,40.7,30.6,5432.92,55,8000,71.1,41.0
South Africa,Sub-Saharan Africa,Africa,Middle,2050,60000000,18.0,10800000,339301,565.5,228.8,2978789,4964.6,134363,101790,33930,30537,13572,55.0,23.2,25.1,16.5,12.4,50.1,35.3,31.4,6351.2,56,8000,68.2,40.3
Kenya,Sub-Saharan Africa,Africa,Low-Middle,2025,55000000,8.84,4860463,200461,364.5,350.1,3204606,5826.6,64147,68156,20046,12027,8018,42.7,11.7,21.2,10.2,18.1,25.6,15.4,5.7,1263.06,47,3500,67.8,17.1
Kenya,Sub-Saharan Africa,Africa,Low-Middle,2030,55000000,10.73,5903497,225294,409.6,337.0,3341879,6076.1,73535,76599,22529,14869,9011,47.1,13.7,21.4,11.0,17.5,28.0,22.2,9.9,1504.2,51,3500,69.1,21.5
Kenya,Sub-Saharan Africa,Africa,Low-Middle,2035,55000000,12.5,6876173,248789,452.3,312.1,3437081,6249.2,82796,84588,24878,17912,9951,44.8,17.0,23.8,10.5,14.4,30.7,17.3,17.2,1755.66,58,3500,62.5,22.6
Kenya,Sub-Saharan Africa,Africa,Low-Middle,2040,55000000,14.01,7702863,278753,506.8,288.0,3490214,6345.8,94553,94776,27875,21742,11150,52.5,17.2,25.1,14.2,15.4,33.6,28.8,19.6,2072.2,59,3500,70.4,28.4
Kenya,Sub-Saharan Africa,Africa,Low-Middle,2045,55000000,16.29,8958177,304339,553.3,274.0,3501276,6366.0,105179,103475,30433,25564,12173,55.0,19.6,23.3,14.6,13.7,40.8,27.3,13.7,2377.69,64,3500,67.9,29.3
Kenya,Sub-Saharan Africa,Africa,Low-Middle,2050,55000000,17.75,9761354,336926,612.6,244.3,3470268,6309.6,118597,114554,33692,30323,13477,55.0,22.3,23.3,15.0,13.2,31.6,29.6,21.1,2759.44,71,3500,68.8,28.3
Ghana,Sub-Saharan Africa,Africa,Low-Middle,2025,33000000,8.83,2912932,115146,348.9,365.6,1862880,5645.1,36846,39149,11514,6908,4605,41.8,11.4,22.2,11.0,15.8,32.7,16.8,14.0,725.73,50,3500,67.9,22.5
Ghana,Sub-Saharan Africa,Africa,Low-Middle,2030,33000000,10.73,3539725,136472,413.6,338.2,1942678,5886.9,44544,46400,13647,9007,5458,43.1,12.9,22.9,10.6,16.1,35.4,22.2,12.0,911.7,51,3500,68.0,24.9
Ghana,Sub-Saharan Africa,Africa,Low-Middle,2035,33000000,12.38,4083759,151978,460.5,317.1,1998020,6054.6,50578,51672,15197,10942,6079,51.2,16.8,21.3,11.9,15.1,30.1,23.8,14.1,1071.66,56,3500,68.8,23.9
Ghana,Sub-Saharan Africa,Africa,Low-Middle,2040,33000000,14.35,4733866,168750,511.4,291.9,2028907,6148.2,57240,57375,16875,13162,6750,55.0,18.8,26.4,13.1,14.8,33.9,23.2,16.8,1254.03,62,3500,64.5,25.9
Ghana,Sub-Saharan Africa,Africa,Low-Middle,2045,33000000,15.76,5200050,193462,586.3,264.4,2035337,6167.7,66860,65777,19346,16250,7738,55.0,22.1,22.9,15.7,14.3,40.9,20.9,21.8,1510.96,67,3500,67.7,29.1
Ghana,Sub-Saharan Africa,Africa,Low-Middle,2050,33000000,17.02,5617927,205325,622.2,253.1,2017312,6113.1,72274,69810,20532,18479,8213,55.0,22.8,26.1,16.3,12.3,44.1,26.7,15.2,1681.78,65,3500,67.9,30.8
Tanzania,Sub-Saharan Africa,Africa,Low,2025,63000000,9.87,6219010,246453,391.2,369.8,3860842,6128.3,69006,88723,24645,14787,9858,42.0,11.2,22.4,9.0,18.8,34.1,15.5,16.9,532.15,55,1200,72.5,23.3
Tanzania,Sub-Saharan Africa,Africa,Low,2030,63000000,12.32,7759315,263551,418.3,351.3,4026226,6390.8,75270,94878,26355,17394,10542,46.0,14.6,22.6,10.5,18.1,31.0,15.3,15.7,603.67,53,1200,71.3,21.7
Tanzania,Sub-Saharan Africa,Africa,Low,2035,63000000,14.1,8881692,305079,484.3,326.5,4140923,6572.9,88839,109828,30507,21965,12203,49.5,14.8,24.2,12.1,16.7,32.5,21.5,9.8,737.93,61,1200,66.5,23.0
Tanzania,Sub-Saharan Africa,Africa,Low,2040,63000000,15.35,9668961,335928,533.2,306.5,4204936,6674.5,99703,120934,33592,26202,13437,53.0,18.5,27.3,13.2,14.7,30.2,24.6,16.6,856.96,66,1200,68.8,24.9
Tanzania,Sub-Saharan Africa,Africa,Low,2045,63000000,17.5,11028017,376397,597.5,281.4,4218264,6695.7,113822,135502,37639,31617,15055,55.0,21.3,25.3,13.6,15.0,37.7,23.4,18.2,1008.18,70,1200,64.2,27.8
Tanzania,Sub-Saharan Africa,Africa,Low,2050,63000000,18.0,11340000,418143,663.7,258.9,4180906,6636.4,128788,150531,41814,37632,16725,55.0,21.3,27.7,16.8,10.9,37.1,25.7,10.5,1174.01,74,1200,67.3,26.5
Uganda,Sub-Saharan Africa,Africa,Low,2025,47000000,9.82,4617109,187142,398.2,389.4,2913143,6198.2,52399,67371,18714,11228,7485,42.0,13.4,21.5,9.4,18.7,28.5,20.2,12.2,403.03,56,1200,72.2,21.5
Uganda,Sub-Saharan Africa,Africa,Low,2030,47000000,12.29,5775843,198468,422.3,375.4,3037931,6463.7,56682,71448,19846,13098,7938,45.0,13.0,23.1,11.1,17.4,30.2,16.2,10.7,454.04,49,1200,65.4,20.4
Uganda,Sub-Saharan Africa,Africa,Low,2035,47000000,13.85,6508085,244236,519.7,343.9,3124474,6647.8,71121,87924,24423,17584,9769,48.3,15.0,24.0,13.3,17.8,32.9,21.6,11.8,590.67,63,1200,67.5,23.7
Uganda,Sub-Saharan Africa,Africa,Low,2040,47000000,15.68,7371650,265897,565.7,320.2,3172774,6750.6,78918,95722,26589,20739,10635,53.0,16.3,25.5,15.5,14.2,35.1,25.4,20.1,677.59,59,1200,68.6,28.0
Uganda,Sub-Saharan Africa,Africa,Low,2045,47000000,17.68,8307491,291801,620.9,297.7,3182831,6772.0,88240,105048,29180,24511,11672,55.0,20.8,26.0,14.6,14.1,35.1,26.3,13.5,781.6,64,1200,67.4,26.6
Uganda,Sub-Saharan Africa,Africa,Low,2050,47000000,18.0,8460000,316323,673.0,275.9,3154643,6712.0,97427,113876,31632,28469,12652,55.0,21.2,25.1,16.1,12.9,37.8,24.9,15.5,888.59,73,1200,67.4,27.7
Egypt,North Africa/Middle East,Africa,High-Middle,2025,105000000,9.66,10147254,310000,295.2,273.1,3898795,3713.1,124000,80600,31000,18600,12400,42.2,11.9,22.6,10.6,16.8,54.9,38.2,47.2,10043.55,38,18000,63.6,47.1
Egypt,North Africa/Middle East,Africa,High-Middle,2030,105000000,11.1,11656562,333862,318.0,251.5,4065804,3872.2,136215,86804,33386,22034,13354,42.8,14.4,22.3,11.1,16.2,62.9,41.9,60.3,11465.96,37,18000,65.8,54.9
Egypt,North Africa/Middle East,Africa,High-Middle,2035,105000000,13.21,13869622,360848,343.7,234.4,4181629,3982.5,150112,93820,36084,25981,14433,47.3,16.6,21.4,12.6,16.7,55.2,50.2,50.2,13095.25,38,18000,72.6,52.2
Egypt,North Africa/Middle East,Africa,High-Middle,2040,105000000,14.24,14955794,406371,387.0,209.1,4246271,4044.1,172301,105656,40637,31696,16254,55.0,18.1,24.7,14.0,14.8,59.2,46.0,51.7,15536.57,45,18000,70.8,52.7
Egypt,North Africa/Middle East,Africa,High-Middle,2045,105000000,16.84,17676859,450268,428.8,193.6,4259730,4056.9,194515,117069,45026,37822,18010,55.0,18.1,24.1,15.1,14.0,65.0,49.1,53.0,18089.49,45,18000,67.1,56.4
Egypt,North Africa/Middle East,Africa,High-Middle,2050,105000000,17.69,18574804,505623,481.5,183.9,4222005,4021.0,222474,131461,50562,45506,20224,55.0,21.7,28.6,16.5,12.0,64.2,58.6,49.2,21295.96,50,18000,67.6,58.5
Saudi Arabia,North Africa/Middle East,Asia,High,2025,36000000,7.67,2760376,66013,183.4,184.4,1103618,3065.6,29045,14522,6601,3960,2640,40.3,10.5,24.2,8.7,17.6,74.8,68.9,64.5,5703.73,19,48000,67.7,70.2
Saudi Arabia,North Africa/Middle East,Asia,High,2030,36000000,8.54,3075547,84204,233.9,176.7,1150892,3196.9,37790,18524,8420,5557,3368,42.0,13.3,22.7,12.1,15.7,73.3,69.5,67.5,7711.65,26,48000,66.8,70.5
Saudi Arabia,North Africa/Middle East,Asia,High,2035,36000000,10.26,3693015,87206,242.2,165.7,1183678,3288.0,39905,19185,8720,6278,3488,48.0,14.9,25.5,12.8,17.6,81.4,64.4,74.4,8438.24,20,48000,65.5,73.7
Saudi Arabia,North Africa/Middle East,Asia,High,2040,36000000,11.09,3990624,100866,280.2,162.6,1201976,3338.8,47043,22190,10086,7867,4034,52.4,18.2,22.8,14.2,14.5,76.8,65.5,79.4,10283.3,32,48000,69.5,73.5
Saudi Arabia,North Africa/Middle East,Asia,High,2045,36000000,12.1,4355068,108738,302.1,151.0,1205786,3349.4,51672,23922,10873,9133,4349,55.0,22.5,25.6,13.2,13.0,82.4,68.1,65.7,11649.71,27,48000,69.9,73.3
Saudi Arabia,North Africa/Middle East,Asia,High,2050,36000000,14.16,5095969,121825,338.4,134.6,1195108,3319.7,58963,26801,12182,10964,4873,55.0,20.9,25.2,16.9,12.8,83.8,74.5,79.0,13684.38,32,48000,64.3,79.3
Iran,North Africa/Middle East,Asia,High-Middle,2025,87000000,8.77,7633249,222407,255.6,245.5,3522933,4049.3,88962,57825,22240,13344,8896,41.2,12.8,22.9,9.5,17.8,53.4,53.7,49.1,7205.57,38,18000,69.7,52.4
Iran,North Africa/Middle East,Asia,High-Middle,2030,87000000,10.88,9468284,267564,307.5,247.1,3673841,4222.8,109166,69566,26756,17659,10702,45.2,13.9,22.6,10.9,18.2,57.0,49.5,51.7,9188.67,32,18000,64.5,53.1
Iran,North Africa/Middle East,Asia,High-Middle,2035,87000000,12.1,10530502,286357,329.1,220.5,3778501,4343.1,119124,74452,28635,20617,11454,50.4,15.7,24.3,12.5,17.6,56.1,54.8,47.6,10390.65,38,18000,73.4,53.5
Iran,North Africa/Middle East,Asia,High-Middle,2040,87000000,14.16,12323390,322009,370.1,211.7,3836911,4410.2,136531,83722,32200,25116,12880,51.9,18.7,24.9,15.0,14.7,59.9,46.3,51.6,12311.19,38,18000,67.9,53.0
Iran,North Africa/Middle East,Asia,High-Middle,2045,87000000,15.92,13848412,357256,410.6,192.9,3849072,4424.2,154334,92886,35725,30009,14290,55.0,19.4,24.6,16.2,13.8,68.2,52.9,55.0,14353.59,38,18000,67.6,59.6
Iran,North Africa/Middle East,Asia,High-Middle,2050,87000000,17.37,15115206,380610,437.5,170.1,3814984,4385.0,167468,98958,38061,34254,15224,55.0,23.1,24.6,16.9,11.9,61.9,48.7,50.7,16030.34,44,18000,69.1,54.5
Turkey,North Africa/Middle East,Asia,High-Middle,2025,85000000,8.57,7281277,228130,268.4,253.4,3343848,3933.9,91252,59313,22813,13687,9125,42.5,12.9,21.8,9.9,19.7,50.1,47.9,47.6,7391.27,34,18000,67.3,48.7
Turkey,North Africa/Middle East,Asia,High-Middle,2030,85000000,9.62,8174801,243541,286.5,237.1,3487085,4102.5,99364,63320,24354,16073,9741,42.8,13.4,22.4,11.3,18.9,55.2,43.5,46.1,8364.25,38,18000,68.4,48.8
Turkey,North Africa/Middle East,Asia,High-Middle,2035,85000000,11.24,9557200,284488,334.7,226.0,3586424,4219.3,118347,73966,28448,20483,11379,52.5,15.9,24.1,13.4,16.4,52.3,48.2,53.4,10322.83,43,18000,67.7,51.1
Turkey,North Africa/Middle East,Asia,High-Middle,2040,85000000,13.13,11156604,304729,358.5,212.4,3641865,4284.5,129205,79229,30472,23768,12189,53.3,20.1,28.2,14.8,15.2,68.0,51.6,47.4,11650.38,40,18000,68.6,57.1
Turkey,North Africa/Middle East,Asia,High-Middle,2045,85000000,14.22,12089953,333534,392.4,185.4,3653408,4298.1,144086,86718,33353,28016,13341,55.0,21.1,25.8,14.1,15.4,59.8,55.3,55.0,13400.7,42,18000,66.7,57.0
Turkey,North Africa/Middle East,Asia,High-Middle,2050,85000000,15.89,13508763,369267,434.4,175.9,3621053,4260.1,162477,96009,36926,33234,14770,55.0,21.3,25.6,15.4,12.5,64.6,55.3,53.1,15553.68,46,18000,67.4,58.5
Iraq,North Africa/Middle East,Asia,Middle,2025,42000000,9.52,3998176,134017,319.1,326.1,2119721,5047.0,48246,40205,13401,8041,5360,42.9,10.9,22.2,9.4,18.5,37.8,29.0,20.5,1929.26,45,8000,65.7,30.4
Iraq,North Africa/Middle East,Asia,Middle,2030,42000000,11.29,4741060,147765,351.8,299.6,2210521,5263.1,54259,44329,14776,9752,5910,44.6,14.5,21.1,10.8,16.1,44.6,33.0,24.1,2255.38,42,8000,69.3,35.4
Iraq,North Africa/Middle East,Asia,Middle,2035,42000000,13.1,5502616,165451,393.9,281.6,2273494,5413.1,61944,49635,16545,11912,6618,48.2,16.0,24.0,13.9,14.8,46.5,29.7,25.0,2668.41,47,8000,61.7,35.3
Iraq,North Africa/Middle East,Asia,Middle,2040,42000000,14.51,6094564,182433,434.4,261.9,2308639,5496.8,69616,54729,18243,14229,7297,55.0,20.5,24.4,12.5,16.1,48.6,33.3,28.5,3099.54,49,8000,68.0,38.2
Iraq,North Africa/Middle East,Asia,Middle,2045,42000000,16.45,6908254,207469,494.0,234.1,2315956,5514.2,80663,62240,20746,17427,8298,54.6,20.1,23.6,14.9,11.7,50.7,32.5,24.9,3704.38,59,8000,68.8,37.9
Iraq,North Africa/Middle East,Asia,Middle,2050,42000000,17.84,7492108,223759,532.8,208.2,2295446,5465.3,88608,67127,22375,20138,8950,55.0,21.6,25.3,17.2,12.8,53.2,35.8,32.6,4189.43,56,8000,69.6,41.9
Israel,North Africa/Middle East,Asia,High,2025,9700000,6.77,656891,18915,195.0,194.6,271362,2797.6,8322,4161,1891,1134,756,39.2,10.2,20.1,9.6,17.6,70.6,68.1,66.9,1633.57,24,48000,68.3,68.8
Israel,North Africa/Middle East,Asia,High,2030,9700000,8.48,822486,21548,222.1,188.4,282986,2917.4,9670,4740,2154,1422,861,43.9,16.3,20.8,10.8,17.5,72.2,63.8,68.7,1973.3,30,48000,66.4,68.4
Israel,North Africa/Middle East,Asia,High,2035,9700000,9.37,908547,21558,222.3,164.2,291048,3000.5,9864,4742,2155,1552,862,50.6,14.5,23.9,12.6,16.8,76.8,65.6,72.2,2086.77,27,48000,66.4,71.7
Israel,North Africa/Middle East,Asia,High,2040,9700000,10.69,1036453,24659,254.2,160.0,295547,3046.9,11500,5424,2465,1923,986,51.4,20.1,23.6,12.9,15.3,83.0,68.5,76.5,2514.28,26,48000,65.6,76.3
Israel,North Africa/Middle East,Asia,High,2045,9700000,11.3,1096205,30289,312.3,145.9,296484,3056.5,14393,6663,3028,2544,1211,55.0,20.5,24.4,13.4,14.8,76.3,70.2,79.0,3245.18,30,48000,64.2,74.9
Israel,North Africa/Middle East,Asia,High,2050,9700000,12.97,1258057,31131,320.9,133.5,293858,3029.5,15067,6848,3113,2801,1245,55.0,22.7,25.6,17.6,13.0,84.2,73.8,73.9,3496.44,37,48000,64.9,78.0
UAE,North Africa/Middle East,Asia,High,2025,9900000,7.29,721795,18251,184.4,186.2,261761,2644.1,8030,4015,1825,1095,730,43.2,12.9,20.9,10.5,18.7,71.9,64.0,66.2,1577.22,25,48000,69.3,67.7
UAE,North Africa/Middle East,Asia,High,2030,9900000,8.58,849126,21255,214.7,171.7,272974,2757.3,9539,4676,2125,1402,850,44.6,13.2,22.1,10.9,16.0,75.0,69.2,72.6,1946.77,23,48000,65.2,72.4
UAE,North Africa/Middle East,Asia,High,2035,9900000,9.78,967950,23672,239.1,163.0,280750,2835.9,10832,5207,2367,1704,946,51.3,15.5,25.0,11.5,17.9,76.6,70.3,69.7,2290.62,30,48000,64.8,72.7
UAE,North Africa/Middle East,Asia,High,2040,9900000,11.1,1098875,26243,265.1,161.4,285090,2879.7,12239,5773,2624,2046,1049,53.7,18.8,23.1,13.2,16.0,80.0,70.2,68.8,2675.26,30,48000,63.8,73.8
UAE,North Africa/Middle East,Asia,High,2045,9900000,12.0,1187941,29063,293.6,142.7,285994,2888.8,13810,6393,2906,2441,1162,55.0,20.0,25.1,15.5,13.2,88.4,72.3,73.7,3114.18,28,48000,63.1,79.1
UAE,North Africa/Middle East,Asia,High,2050,9900000,12.86,1272969,31506,318.2,122.8,283461,2863.2,15248,6931,3150,2835,1260,55.0,23.4,26.4,15.7,12.0,79.1,67.8,84.6,3539.54,29,48000,68.2,76.5
